"","No_Exercise","Few_Fruit_Veg","Obesity","High_Blood_Pres","Smoker","Diabetes","ALE"
"1",26.9,80.4,25.2,28.6,24.6,8.5,75.8
"2",23,78.2,20.5,25.8,22.1,6.6,76.5
"3",27.9,78.9,24.5,32.5,24.7,8.9,76.5
"4",28.2,75.6,23.9,27.8,20.7,8.5,74.6
"5",23.4,74.5,22.5,32.7,28.9,6.7,75.2
"11",28.2,79.7,27.6,39,28.5,13,74.9
"12",18.9,78.3,20.8,26.7,21,4.8,76.8
"15",22.2,68.1,21.3,26.7,20.4,7.8,72
"16",34.1,79.1,32.7,42.2,24.1,10.9,73.3
"18",27.1,79,25.3,29.7,23.8,7.9,75
"19",34.9,79.3,30.5,35,33.8,11.5,72.2
"24",29.2,81.9,27,33.2,25.5,11.2,73.1
"27",27.8,78.6,24.5,29.1,26.6,14.2,74.9
"28",24.9,76.3,23.1,34.8,23.6,8.1,76.7
"29",24.2,72,19,28.4,22.5,8.5,77.2
"30",32.9,75.2,27.9,29.2,22.2,9.2,76.5
"31",29.6,80.9,30.5,32.4,27,11.6,73.7
"32",22.2,76.4,16.8,27.3,20.1,6.4,78
"33",25,76.2,23,34.7,28.3,10.4,76.8
"34",24.6,75.6,19.3,24.6,27.3,4.8,76.4
"35",21.6,72.7,18,28.5,20,6.4,79.6
"36",19.4,78.9,16.3,24.8,23.3,6.3,78
"38",25.8,70.3,18.8,24.8,18.4,7.1,78.3
"42",27.2,75.3,21.9,31,29.1,9.2,77
"44",28.9,74.8,19.5,32.2,25.2,8.8,75.7
"47",22.9,73.2,23.1,37.6,19.9,9.1,79.5
"48",28.7,71.9,17.6,38.9,21.8,11.6,76.7
"49",21.4,75.6,20.6,21.8,28.9,7.9,75.9
"50",23.3,73.7,17.5,23.1,22,7.1,76.4
"51",30.3,82.8,31.2,26.5,30,6,74.1
"52",21.3,73.4,19.8,29,17.6,8.4,81
"56",24.2,77.6,24.4,29.4,21,6.5,74.5
"57",27.9,72.7,27,33.3,26.5,8.4,75.2
"58",21.8,65.6,14.1,34.3,19.5,9.7,78.4
"69",29.9,71.5,21.5,26.3,24.3,10.3,77.1
"70",28.2,72.4,20.7,42.7,21,9.6,78
"71",25.5,77.1,21.9,22.8,24.1,8,76
"73",23.7,76.6,20.5,22.4,24.7,6.9,75.3
"75",19.7,71.1,19,28,22.3,7.4,79.3
"79",23,72.2,21.4,34.4,24.4,7.8,77.7
"80",27.4,75.8,18.7,30.9,26.6,9.8,78.9
"81",20.6,77.4,16.2,19.6,20.1,4.6,76.8
"87",26.9,69.7,18.4,31.1,21.5,8.2,78.2
"88",26.1,76.1,23.7,35,25.2,9.4,76.7
"89",24.2,74.5,13.9,26.4,22.1,6.4,79.6
"90",34.6,79,19,24.2,17.6,8.1,77.6
"91",21.2,73.1,20,26.3,26.4,7.2,77.5
"93",19.3,73.3,20.7,28.5,22,7.6,76.6
"95",25.9,78.3,19.5,23.6,19.8,7.2,76.9
"96",29,77.6,22.2,19.7,23,7.3,76.8
"97",23.4,69.9,18.3,27.8,20.1,7.8,79.1
"98",23.7,76.4,20.3,31.5,27.8,8.8,77.9
"101",32.1,80.4,26.8,21.3,25.6,11.5,75.8
"107",30.1,79.2,30.3,34.4,22.6,11.1,74.6
"108",16.3,73.3,16.2,20.3,17.6,3.7,77.5
"111",21,74,21.3,22.5,16.8,5,74.1
"114",24.2,73.4,27.8,23.4,23.5,11,75.4
"118",22.7,76.3,19.2,20.2,19.8,5.5,78.3
"119",31.2,74.5,20.8,26.6,25,6.5,76.4
"120",28.2,75.7,24.8,27.4,20.9,7.9,76
"121",30.6,78.3,25.1,29.9,32.7,8.9,75.3
"127",19.5,79.1,25.8,20.4,21.6,7.5,76
"128",21.7,81.2,24,33.3,25,9.7,75.7
"130",28.7,80.1,22.1,27.3,21.7,7.3,74
"132",26,79.5,30.8,27.7,29.3,10.2,74.1
"140",31.3,82.5,28.8,32.4,22.3,8.4,74.5
"141",18.3,82.3,19.1,17.9,22.2,6.4,74.8
"142",24.8,77.3,26.3,19.7,36.9,4.2,74.1
"146",27.7,76.6,24,33,24.1,9.6,74.4
"163",25.3,78.2,25.1,32.2,22.1,6.7,73.8
"165",24.8,75.4,15.6,18,16.5,5.3,77.1
"166",29,76.3,23.9,28.8,25,10.6,72.7
"168",28.7,78.3,23.1,22.1,27.6,6.6,75.9
"180",30.6,77.8,27.7,28.7,27.3,9.3,72.7
"197",33.3,79.8,30.3,28.8,17.5,9.7,74.7
"207",30.6,83.1,26,28.1,30.5,8.2,74.1
"208",26.4,76.8,27,26.1,25.9,6,75.9
"209",36.2,71.1,33.7,34.9,25.4,13.1,73.8
"210",24.8,79.3,21.5,15.7,29.9,4.7,75.8
"217",32.8,77.3,24.6,28.3,32,8,75.3
"221",24.9,80.2,26.4,27.8,22.3,7.9,75.7
"226",17.5,77.3,29.4,21.3,27.2,5.9,76.7
"233",26.2,75.6,21.3,26.1,20.9,9.2,75.1
"236",19,76.6,19.5,21.1,21,6.9,76.7
"237",23.8,73.5,25,24.1,16.7,6.6,76
"241",26.8,82.1,26,27,23.6,5.8,74.8
"243",17.2,73.9,19.5,23.6,16.5,5.8,77.4
"244",41.1,84.1,35.2,35.6,27.1,9.6,74.1
"246",20.7,77.3,20.6,21.1,19.7,5.7,77.8
"248",28,74.3,24.7,23.9,18.9,8,75.8
"256",22.7,72.8,21.7,22.4,16.4,5.3,76.9
"257",33.4,82.8,30.1,31.6,23.9,13,72.8
"259",34.4,81.4,26.6,32.3,24.1,9.7,74.8
"260",23.8,85.6,24.8,17.9,20.2,7.3,75.7
"264",27.2,76.2,23.6,30.5,24.6,7.2,76.6
"266",29.4,76.2,22.2,35,27.6,10,75.3
"269",37,80.7,24.3,35.3,19.1,7.8,75.1
"270",27.7,85,24.8,23,22.6,5.5,75.2
"271",20.2,75.9,19.6,23.9,21.1,6.8,77.3
"273",19,77.1,17.8,23.9,18,6.9,80.5
"274",34.1,81.4,27.1,38.2,31.5,10.2,73.5
"277",17.3,77,17.4,26.2,20.7,7,79.7
"279",19.9,75,17.7,21.4,20.8,5.9,80.4
"281",22.9,78.4,25.8,23.1,16.6,8.2,77.2
"282",11.2,69.3,9.7,20.3,13.9,1.9,80.8
"284",20.2,76.6,19.1,28.8,22.2,5.6,77.3
"285",18.4,81.1,21.1,21.4,15.5,7.1,77.6
"286",15.5,77,18.5,21.6,18.1,5.1,79.2
"288",21.2,76.8,20,18.3,22.4,4.9,77.3
"291",22.7,80.3,23.9,21.6,20,7.5,77.6
"292",24.5,78.5,22.5,22,17.8,9.7,77
"293",24.6,76,21.5,21.1,17.5,6.6,76.6
"295",21.3,77.4,22.5,35.3,24.2,8.5,79.1
"297",21.8,81.1,26.7,29.1,23.9,4.5,77.3
"300",19.8,82.8,17.7,18.3,9.2,5.3,77.8
"301",24.1,81.9,19.8,29.6,16.7,7.7,77.6
"302",23.4,77.4,26,30,25.2,8.6,77.3
"303",29.7,82.1,26,31.9,22.5,8.6,77.9
"304",26.3,75.8,20.1,28.9,18.2,4.9,76.8
"305",24,80.8,25,24.1,10.8,7.5,77.6
"306",27.3,78.4,22.3,23.3,25.1,7.7,77.9
"307",18.1,79,20.9,22.8,20.9,6.2,78.4
"308",13.5,77.6,16.5,19.6,14.3,4,79.1
"309",20.8,73.5,22.6,23.8,25.2,6.5,76.8
"310",17.5,80,23.7,22.1,18,7,77
"314",16.1,78.8,19.3,13.3,3.6,3.2,79.5
"315",26.6,79.7,25.9,25.1,16.9,5.3,76.6
"316",21.3,78.2,24.6,28.7,22.9,7.2,77.9
"318",34.1,84.9,29.4,33.2,26.6,3.9,77.3
"319",23.7,78.3,26.7,34.5,23,8.2,77.3
"320",26.3,74.7,28.7,25.6,17.3,5.7,77.8
"321",24.3,81.2,26,37.4,24.3,7.8,74.9
"322",26,79.3,24.7,27.8,18.2,7.1,77.8
"324",10.2,74.4,17.8,16.5,12.1,5.3,77.6
"325",24.2,77.1,21.8,27.5,22.9,5.7,77.6
"327",27.7,75.7,29,28.5,22,8.4,77.3
"328",24.8,81.6,28.3,30.7,27.8,6,74.9
"329",32.9,77.7,29.5,34,25,8.8,75.7
"335",21.1,73,21.3,19.1,22.3,4.9,78
"336",19.4,79.2,20.9,19,19.4,6.1,78.6
"337",25.7,75.3,23.7,24.2,29.2,8.4,76.5
"339",24.3,77.8,28,23.6,24.7,7.1,75.7
"352",20,80.6,27.2,24.1,23.4,7.9,78
"353",28.7,84.8,24.1,23.5,24.1,7.4,77.2
"363",24.3,76.1,26.1,27.9,25.5,8.5,77.3
"364",30.9,81,29.7,31.6,22.7,9.2,74.6
"366",25.5,73.4,24,27.9,19.8,11,76.8
"371",18.3,82.5,22,24.9,12.7,8.7,78.1
"372",23.4,82.3,21.3,23.6,28.2,6.1,78
"375",31.2,84.3,31.8,29.2,26,9,75.6
"382",23.9,83.1,23.6,22,23.2,5.2,77.8
"384",22.4,70.9,19,21.1,20.3,5.8,78.4
"385",29,77.5,26.3,26.1,21.6,7.8,77.7
"386",34,82.3,29.4,29.2,37,6.1,74.5
"387",25.3,76.3,25.8,27.5,26.2,9.3,76.8
"394",27.8,76.8,22,23,21.4,7.1,75.6
"397",20.4,79.4,23.5,19.3,21.6,5,78.5
"400",29,79.1,27.1,31.9,23.4,9.7,73.6
"402",21.7,71.5,17.4,19.5,18.9,5.2,79.6
"419",23.9,81.2,20.7,15.7,20.8,6.2,77.7
"424",25.8,77.1,23.8,34.7,21.1,6.7,76.4
"429",26.9,81.5,22.6,20.4,17.9,5.6,77.8
"430",22.5,75.2,28.1,25.4,22.1,7.5,74.5
"432",22.7,76.6,22.4,26.2,24.8,9.7,77.5
"433",20.9,74.9,20.8,22.1,19.6,5.3,78.6
"434",27.9,72.2,24.1,29.1,29,8.2,77.5
"439",23.9,79,27.6,27.7,30.6,9,76.6
"440",18.2,80.8,18.7,23.5,26.1,7.3,78.1
"441",29.3,76.4,23.3,22.9,32.5,7.8,76.3
"442",27.1,78.7,26.5,26.3,28.6,6.5,76.7
"444",31.9,79.9,30,26.5,23.7,8.6,76.8
"448",23.7,74.4,23.1,29.9,20.2,6.1,77.3
"452",24.3,73.9,24,22.2,27.5,5.6,77.2
"453",26.5,78.3,20.6,19,22.5,10.9,76.7
"460",26.2,75.5,22.8,26.7,25.3,8.1,76.9
"465",21.2,83.4,25,13.8,26.1,5.9,76.6
"468",21.1,77.9,20.7,19.6,24,5,77.1
"472",24,80.8,27.3,27.5,28.6,9,75.9
"474",27.5,84.6,25.3,36.5,28.5,10.8,75.1
"477",24.8,74.4,27.1,30.6,18.1,7,77.4
"479",29.3,79.1,26.6,25.9,27.5,9,75.7
"481",29.4,77.4,21.1,19.7,28.5,4.1,76
"484",26.3,79.9,22.2,28.6,29.5,8.7,75.1
"486",25.9,74.9,21.7,24.5,27.1,7.8,75.3
"491",28.5,78.5,18.7,23.9,35.7,4.7,76.4
"493",24.3,74.9,28.1,20.2,22.7,6.1,76.5
"494",21.5,76.1,28.3,25.3,25,8.8,76.2
"495",25,82.3,19.9,23.7,16.8,6.2,77.3
"496",26.2,77,25.2,27.7,23.2,5.5,77.1
"497",21.4,79.6,23.8,25.4,23.6,5.9,77.3
"500",24.1,76.8,21.9,26.4,25.7,6.3,76.2
"505",27.1,80.4,33.2,34.5,27.8,8.7,75.5
"507",16.4,76.3,20,18.6,16.9,4.8,79.1
"508",24.3,82.7,20.7,18.8,20.5,6.5,77.3
"509",22.9,80.8,21.1,20.2,23,5.2,76.4
"511",28,82.8,28.9,18.6,26.7,7.7,76.8
"512",22.1,74.1,23.4,26.1,23.8,5.2,78.1
"514",23.6,79.1,25.8,28.6,24.3,9.2,75.8
"516",28.9,83,25.1,27.1,31.4,7.4,76.2
"523",25.4,81.6,22.5,23.7,27,6.3,77.6
"525",24.4,73.3,24,28.7,27,8.2,77.1
"527",29.2,79,28.7,27.5,27.7,8.1,74.4
"528",28.3,79.8,25.6,30.5,26.6,8,76.2
"529",34,80.7,28.7,31.7,29.1,11.5,75.7
"530",28.3,77.8,27.1,30.1,29.4,8.4,75.7
"531",26.3,78.4,24.3,25.4,28,7.5,74.5
"532",27.7,70.3,26,20.4,26.8,5.7,77.7
"534",22.9,75.6,23.1,24.9,21.3,6.5,76.1
"536",13.2,77.4,16.1,15.9,17.5,3.9,80.5
"539",27.8,75.2,22.5,23.1,18.9,4.3,78.4
"540",27.8,85.3,23.2,22.1,30.2,8.8,76.7
"541",19.9,81.9,21.5,23.5,20.7,6.2,79.3
"544",21.7,79.8,17.6,25.1,18.5,4.8,81.3
"545",29.7,81.5,25.7,28.2,25.5,5.4,79.4
"546",28.1,79.4,26.1,20.1,20.3,3.8,78
"547",30.5,88.5,20.5,24.5,22.3,5.1,79
"548",25.4,81.4,22.7,28,25.8,7.2,78.5
"549",28.7,81.5,27.9,25.4,25.9,6.9,76.1
"550",22.5,75.6,22.6,26.2,29.5,6,76.4
"554",30.8,83.5,29.1,33.3,26,13.2,77
"555",26.7,82.9,25.6,23.2,22.8,5.7,78.4
"556",22.9,78.7,23.5,24.7,19.3,6.6,78.2
"557",24.1,82.8,25.7,25.8,23.3,3.7,79.3
"559",27.8,79.8,24.5,30.5,28.3,5.1,77
"561",21.6,85.4,20.3,21.1,21.2,7.5,78.5
"563",21.3,82.8,22.8,21.8,24,6.5,77.9
"564",26.3,82.5,26.8,28,28,8.3,76.1
"565",23.5,79.4,26,33.8,23,7.3,78.5
"567",26,80.3,23.2,24.8,25.8,6.2,77.3
"568",28,81.2,23.8,26.1,22,4.9,78.5
"569",20.1,81.3,20.5,23.7,23.7,6.9,77.3
"570",22.9,78.7,26,29,15.4,2.7,78.9
"571",21.5,83.5,17.6,16.5,15.8,4.3,81.3
"572",14.8,79.9,17.2,15.5,16.2,4.5,81
"573",22.8,80.1,25.6,23.9,23.3,5.2,78.5
"574",29,85.8,27.3,26.2,26.2,10.6,77.8
"575",23.8,78.2,28,28.1,24.9,7.9,77.7
"577",27.6,79.8,24.8,27.2,23.9,6.2,77.1
"578",19,74.9,20.2,22,19.2,3.6,79.8
"579",21.1,81.7,26,26.8,20.4,6.1,78.8
"580",22.4,82.7,25.3,23.4,21.8,4.2,79.6
"582",28.2,83,26,31.5,24.4,9.8,77.5
"583",18.2,76.4,25.6,23.8,15.7,7.7,78.9
"584",29.3,78.3,19.5,19.2,13.4,4.6,80.8
"585",26.1,82.9,23,23.9,28.6,4.6,77.3
"587",29,81.2,19.3,25.2,25.7,6.4,78.6
"588",32.1,81.5,29.7,24.1,22.3,4.6,77.9
"589",25,81.6,28,25.9,22.9,6.1,77.7
"591",21.2,75,25.1,29.8,20.6,10.9,78.5
"592",21.2,81.2,20.7,29.1,11.6,4.6,79.3
"593",22,81.7,21.2,31.7,19.5,4.3,79.2
"594",25.7,83.5,20.9,23.2,17.7,6.2,79.1
"595",24.3,75.3,23.3,28,20.4,8.4,77.7
"596",26.3,75.6,25.2,26.4,23.5,7.1,77.9
"597",21.5,82.2,24.4,23.5,21.1,6.1,77.8
"598",24.3,79.5,21.3,27.2,13.8,5.7,78.2
"599",29.6,85.9,26.9,22.8,23.2,6.1,78.7
"600",28.3,85.8,24.8,30.9,24.8,9.5,78
"603",18.4,83.8,23.4,28.2,19.2,5.3,79.4
"604",23,76.9,26,25.6,18.4,5.4,78.1
"605",21.9,79.8,26.6,31.8,25.6,10.4,77.9
"607",23.4,76.6,18.8,22.5,15.6,6,78.7
"610",23,80.2,22.7,29.3,19.9,5.8,78.9
"611",28.3,78,24.8,28.5,18.3,7,78.6
"612",19.7,74.2,25,24.3,19.9,6.4,79.4
"613",23.1,78.1,16.7,18.7,27.4,2.9,78.1
"614",34.8,82.1,27.5,36.8,31.6,7.2,73.9
"615",19.4,79.5,25.1,24.4,16.3,6.1,78.9
"617",33,85.5,22.8,23,26.6,6.3,78.7
"618",29.4,72.4,31.6,27.3,21.1,7.9,79.2
"619",25.5,80.8,20.7,20.4,16.5,6,78.4
"620",32.4,85.2,32.5,33.7,24,6.3,76.4
"623",21.4,89.1,25.5,22.5,14,2.8,79.1
"624",31.8,80.3,26.7,27.5,23.4,11,78.6
"625",37.3,83.2,25.3,29.7,24.7,8,78
"626",30.8,76.2,26.6,27.2,25.1,6.6,73.5
"627",22.3,81.7,21.9,26.1,22.1,9.1,78.9
"628",26.4,81.4,27.5,27.7,22.8,8.4,78.4
"629",33.4,79.8,30.8,31.2,28.3,8.8,77.5
"630",27.6,76.8,31,25,18.4,8.4,78.9
"634",31.9,76.6,28.7,25.1,21.3,8.2,79.4
"635",24.4,81.2,23.4,24.2,18,8.8,79
"636",25.4,85,28.7,24.8,21.9,8.1,78.9
"641",21.5,78.8,20.8,24.2,21.6,5.8,77
"645",27.2,79.4,24.4,18.5,19.6,7,78
"646",24.6,77.8,23.4,30.2,13.5,6.1,79
"651",25.2,76.1,27.3,21.5,21.6,6.9,76.9
"653",30.5,80.8,28,29.3,27.1,9.1,75.6
"657",32.7,81.9,24.7,28.9,19.2,9.4,76.4
"666",22.9,73.2,19.5,19.3,19.3,5,77.8
"669",25,79.6,25.2,24.1,22.7,6.4,77.6
"672",22.8,81.3,25.7,21.1,21.7,6.7,77.7
"673",14.3,77.9,14.7,15.7,16.1,3.3,79.8
"677",23,75.8,21.7,21.5,23.9,4.9,77.2
"679",24.6,79.9,24.5,24,22.9,6.8,76.6
"680",30.7,83.3,21.2,23.2,20.2,7,77.8
"681",25.5,80.9,26,24,19.6,6.7,75.9
"689",26.4,78.1,29.7,27.3,19.5,8.6,76.2
"700",37.3,83.1,27.4,26.5,28.2,7.7,73.2
"708",32.8,82.6,29.2,30.4,23.4,8.4,75.6
"709",23.8,81.2,23.6,24.1,24.8,7,75.9
"712",29.2,78.4,27,28.9,23.8,5.8,77.3
"714",19.3,79.6,17,14.9,19.2,3.6,79.3
"717",21.3,81.2,17.2,15.4,20.1,5,78.9
"719",36.3,84,23.1,25.1,20.8,5.5,77.5
"720",27.9,83,24.9,23,18.2,5.9,76.4
"721",28.4,82.1,27.2,35,23.5,5.5,76.1
"723",17.6,80.8,16.7,20.7,24.8,6.5,74.3
"732",25,82.4,24.7,27.2,12.8,7.9,78.8
"737",26.3,83.5,25.1,21.9,22.6,6.1,77
"739",16.7,79.4,17.4,18.9,16.6,4.8,80.3
"743",34.2,88.9,27.9,32.4,25.5,6.9,75.5
"744",26.5,80.8,27,31.4,22.9,8.2,77.9
"746",31.3,79.6,22.3,28.4,32.6,5.8,75.7
"749",32.7,83.4,30.5,29.7,30.6,8,75.4
"752",26.8,81,25.5,26.4,26.7,7.6,75.3
"754",42.1,84.5,33.9,31.8,32.6,11.6,73.6
"755",24,79.9,23.6,27.8,32.7,7.3,76.1
"756",45.3,77.8,25.5,33.9,34.8,9.4,72.8
"757",34.6,87.2,26.8,36.7,34.3,7,75
"758",41.2,88.2,26.4,37.3,31.3,7.6,73.9
"760",39.7,82.3,24.7,33.3,32.3,10.9,75.1
"761",40.8,85.7,27.3,33.8,35.9,8.1,72.2
"764",42.4,81.4,33.6,38.9,31.4,11.9,72.5
"765",41,81.8,26.8,35.4,40.3,7.6,75.4
"768",41.3,80.3,32.4,23.9,36.1,11.5,73.1
"769",33.1,78.1,26.3,26.9,38.9,4.7,75.5
"771",33.8,79.2,25.7,34.5,25.9,9.6,75.4
"774",28.7,82,23.6,25.9,28.9,4.7,76.1
"777",26.4,74.6,22.6,31.9,26.1,6.4,76.8
"779",21.9,81.3,25,25.1,21,5.2,77
"780",37.5,79.4,21.1,31.6,30.1,7.6,74.2
"781",28.1,77.8,22.3,28.4,36.7,7.5,75.3
"782",39.5,87.2,25.1,31.4,37.5,10.8,72.6
"786",38.3,82.9,30.1,30.3,32.4,9.8,75
"787",39,82.3,26.1,31.9,31.4,11.5,73.8
"788",36.5,81.9,32.9,27.7,27.8,9.3,74.9
"789",30,82.6,26,27,30.1,6.2,75.4
"792",35.7,82.5,26.4,31.6,40.8,8.5,74.6
"797",41,79.7,32.6,34.6,33.8,10.7,72.4
"798",42.6,83.9,28.5,35,34.2,11.4,72.3
"800",32.3,80.7,24.1,32,30.1,8.9,75.2
"801",37.6,79.9,27.2,35.9,29,9.6,74.3
"802",38.8,77.4,27.3,38.5,32,8.5,75.4
"804",41.6,76.9,31.9,24.6,29.2,11.8,73.6
"805",29.7,79.5,25.1,25.7,27,6.5,75.4
"806",42.4,85.2,27.5,30.5,29.6,7.4,75.4
"811",37.3,80,18.8,33.2,32.4,6.8,75.4
"817",28,75,22.6,23.5,27.1,7.7,75.9
"820",36.4,83.1,28.3,31.4,33.3,8.6,73.4
"821",32.1,82,31.6,19.7,24.6,6.6,74.9
"822",39.8,79.2,30.6,41.5,35.6,11,73.1
"825",39.8,77.6,25.1,28.2,40.4,8.1,74.2
"826",36.6,81.6,29.2,30.6,33.2,7.7,72.8
"827",36.9,77.9,21.9,27.2,37.9,7.4,76.1
"832",26.4,78.6,18.1,28.4,27.9,6.5,76.9
"833",27.8,85.6,23.9,22,25.6,6.9,75.8
"838",37.7,87.4,31,30.9,35.5,9,73.6
"840",31.2,76,24.4,31.7,34.2,9.6,74.7
"847",30.1,78.5,22.6,28.9,29.8,7.5,76
"853",23.8,75.9,20.8,22.3,23,5.9,76.3
"854",37.1,83.7,28.3,28.1,32.2,7.2,75.3
"857",45,82.6,31.3,40.2,32.4,11.3,73
"858",27.8,76.9,23.4,25.9,24,7.5,75.9
"865",33.1,78.8,25.1,30.5,32.6,8.5,75.3
"866",35.7,77.1,23.4,38.4,37.9,13.2,74.1
"870",37.1,82.6,29.5,37.7,27.9,10.9,75.2
"872",28.6,78.7,24.6,28.2,29.9,7.8,76.1
"873",45.7,84.7,30,31,35.7,11,72
"875",36.6,83.9,18.7,26.8,35.7,6.4,75.2
"876",34.3,78.5,25.5,29.8,30.1,7.5,76.3
"879",34.1,80.1,30.7,33.5,27.6,8.2,73.8
"880",23.2,81.8,22.7,22.7,24.2,7,76.2
"881",33.1,84.3,28.5,24.7,24,7.8,72.9
"883",36.5,89,27.8,28.7,28.4,8.4,74.6
"884",33.2,84.4,32.8,29.1,19.7,8.3,73.8
"885",35.4,83.5,25.5,27.1,23.2,11,75.6
"886",27.3,79.2,23,23.9,32.1,5.1,74.3
"887",45.8,85.6,29.8,37.8,28.6,16.8,71.6
"888",32.9,89.4,27.5,29.2,25.4,6.6,73.8
"889",35.5,79.9,26.2,35,25.8,10.1,74.3
"895",28.9,82.7,21.5,28.9,27.8,7.6,75.6
"896",31.5,81,27,32.1,21.9,7.7,74.1
"897",32.1,79.4,26.4,27,25.5,7.2,74.3
"898",38.9,87.9,27.8,27.6,26.1,8.2,73.4
"905",39.4,85.8,31.1,32,23,8,72.6
"907",27.7,82.5,22.8,27.2,20.4,6.1,74.9
"910",41.9,86.7,24.8,34.8,27.5,7.4,73.2
"913",41.6,87.6,32.3,36.8,30.1,8.9,71.6
"915",32.7,85.4,27.6,31.8,25.1,11.2,74.8
"918",30.5,82.2,24.8,28.1,21.1,7.4,75.1
"919",38.1,86.9,33.1,33.9,28.4,5.6,73.5
"920",25.6,82.3,21.8,24.4,23.4,7,75.7
"921",38.1,84.8,28,32.9,26.3,9.2,75.6
"923",28.6,81.1,20.3,22.7,25.2,8.7,75
"924",24.1,83.6,25.2,24.9,19.5,5.8,76.7
"926",32.9,82.7,25.1,30,31.1,7.7,74.7
"928",47.7,80.4,34,30.2,28,7,72.8
"929",34.8,82.7,28,28.1,21,8.9,73.7
"931",32.1,80,25.6,29.6,21.5,9.1,71.8
"932",35.7,83.2,25.8,24,25.6,6.5,74.2
"933",34.1,88.7,33.7,29.9,22.8,7.4,74
"935",33.2,84.8,24.5,30.5,26.3,7.8,73.6
"941",31.9,89.2,25.2,37,27.1,11.7,73.9
"942",38.6,80.8,29.6,27,27.7,7.7,73.5
"943",28.3,81.7,32.6,26.7,21.2,9.3,75.6
"947",34.9,78.7,24.6,34.2,23.5,10,74.3
"948",38.4,87.4,24.6,29.7,28.2,9.6,74
"949",40.6,83.3,32.6,28.1,27.2,8.3,74.8
"950",41.1,90.3,24.7,31.7,27.4,6.1,73.5
"951",22.8,76,24.7,23.4,21.9,7.1,77.2
"952",20.7,68.9,21,21,19.3,6.8,78.1
"953",20,67.8,16.8,27.7,17.2,4.3,78.3
"954",26.3,71.9,23,24.3,27,7.4,76.9
"955",23.7,76.9,22.6,23.5,24.5,8.5,76.6
"956",25.8,75.2,24.6,25.1,24.7,6.7,77.2
"957",24,71.1,24.2,23.4,28.1,7.2,76.5
"958",19.4,74.8,19.9,23.1,18.8,5.6,78.8
"959",30.7,76.7,23.2,29.8,26.5,9.8,76.5
"960",23.7,73.4,25.9,24.2,22.4,7,77.3
"961",32.9,72.5,25,32.4,27.5,6.6,75.6
"962",22.3,71.4,20.7,24.2,21.8,6.9,78.2
"963",30.4,74.3,25.4,24.6,24.3,10,77
"964",17,68.6,16.6,20.3,18.9,5.6,78.3
"965",18.6,68.9,22,24.6,20.1,9.3,77.7
"966",21.3,68.5,17.7,25.1,22.5,5.8,77.4
"967",34.1,78.7,27.3,32.6,26.6,8.8,74
"968",20.6,70.6,19.3,27.4,20.8,5.8,77.9
"969",27,73.4,25.8,26,27.2,6.4,75.1
"970",22.4,75.2,26.5,23.8,21.1,4.9,76.6
"971",31.3,70.5,26.4,29,25.1,9.7,74.8
"972",28.2,75.2,25.2,32.9,25.3,8.8,76.3
"973",20.9,70.9,21.4,21.3,20,6,78.3
"974",28.6,74.3,25.6,25.9,18.4,8.6,77.2
"975",22.2,72.5,22.3,25.6,20.4,7.2,77.4
"976",15.5,73.5,16.4,19.8,13.7,4.5,79.7
"978",18,66.8,15.3,22.4,11.9,5.2,81.3
"979",24.6,72.1,25.5,26.2,17.8,8.3,75
"980",25.1,74.1,21.9,30.1,19.4,6.7,77.4
"981",21.8,73,25.6,25.1,21.1,6.1,76.7
"983",20.1,71.5,23.3,28.2,22.4,7.5,76.9
"984",22.2,73.5,20,30.1,18,9,78.5
"985",27.2,73,22.4,29.4,23.3,7.4,77.1
"986",25,70.2,25,28.4,24,8.3,75.3
"987",23,74.7,24.6,40.4,21.9,10.2,76.1
"988",28.6,72.9,28,29.5,27.8,9.6,68.6
"989",23.4,72,20.8,26.2,22.2,6.5,76.9
"990",20.4,70.3,22.4,27.1,20.2,5.7,77.4
"992",19.8,69.9,22.8,29.4,21.6,5.4,78.5
"993",27.2,72.9,21.7,25.9,22,8.1,76.7
"994",17.6,65,14.1,19.2,18.2,4.7,79
"995",18.7,69.3,15.5,21.7,15.1,5.2,79.3
"997",16,65.6,15,30.5,16.8,6.7,79.4
"998",18.6,70.1,15.4,23.8,15.9,5,79.5
"999",21.6,73,20.1,25.8,21.6,7.1,77.6
"1000",26.4,72.8,17.8,20.6,19.8,5.6,76.5
"1001",23.8,71.5,21.9,24.4,21,6.3,77.8
"1002",21.4,68.8,19.8,23.3,21.8,6.8,78.4
"1003",26.6,76.4,23.2,27.7,24,7,77.8
"1005",23.9,70.2,18.7,23.8,18.7,6.1,78.5
"1008",21,69.7,22,25.1,18,7.4,77.2
"1012",17,73.7,23.1,22.3,20.7,8.7,78.8
"1014",21.8,84,26,30.7,24.4,7.1,76.8
"1015",26.3,86.6,32.9,29.7,25.5,9.5,75.6
"1018",25.4,79.3,24.9,24.6,30.7,8.7,75.7
"1020",18.5,75.4,21.3,26.5,18.9,7,78.2
"1027",16.5,78,19.5,26.7,17.9,5.6,79.9
"1031",25.7,81.3,31.8,30.2,21.9,9.5,76.5
"1032",20.9,79.4,25.2,30.8,31.1,7.3,76.5
"1033",26.6,77.8,35.9,26.7,27.5,12.5,75.8
"1036",26.5,83.8,25.8,26.3,24.2,7.4,76.7
"1038",25.7,79.5,23.8,26.5,23.3,6.4,76.6
"1039",20.1,81.4,23.4,30.1,25.6,9,76.8
"1040",16.4,69.7,20.3,19.6,14.8,5.4,78.5
"1041",27.9,78.4,29.2,30.3,26.3,9.8,73.4
"1043",23.3,80.9,27.1,32.6,19.9,9.2,77.5
"1046",24,76.7,24.6,36,24.5,6,76.3
"1048",25.6,76.7,27.8,32.5,30.6,10,74.8
"1054",21.7,78.5,25.8,26.5,19.2,7.8,78.7
"1059",18.8,77.6,25.3,28.5,26.4,5.7,78.6
"1061",25,78.8,26.6,27.8,26.1,8.7,74.7
"1064",17.1,79.5,21.7,20.9,27.5,4.5,79
"1065",20.7,81.5,28.8,23.9,29.8,9.6,77.1
"1067",19.9,82.5,22.5,23.5,27.7,6.7,77.2
"1070",21.3,77,23.7,24,23.2,6.9,77.6
"1071",24.6,82,23.8,22.8,28.2,9,77.2
"1075",20,76.7,26.5,30.1,24.1,9.3,76.5
"1076",18.7,74.3,20.8,23.6,17.9,6,77.5
"1079",19.1,78.6,21.5,23.9,21.8,6.6,78
"1082",25.1,77.7,24.6,18.3,28.8,7.2,77
"1085",25.7,78.8,26.1,30,20.8,9,77.3
"1086",16.9,77.8,21.3,15.8,20.5,6,78.1
"1089",23.3,79.9,23.3,26.4,24.7,7.1,77.4
"1093",12.9,72.2,23.5,23,15.7,3.3,81.1
"1096",14.1,70,21.9,21.4,14.6,3.5,80.7
"1097",23.9,85.9,23.5,31.4,19.8,5.5,78.9
"1104",17.6,73.6,21.3,21.2,20.6,4.7,78
"1108",15.4,75.7,24.6,27.4,23.9,5.2,79.4
"1111",16.9,76.4,18.5,24.2,21.5,6,77.8
"1112",13.9,77.5,21,17,16.1,3.5,79.2
"1113",15.4,78.5,23.2,24.2,21.2,5.5,79.3
"1114",20.4,76,24.1,19.6,17.3,6.2,78.2
"1116",16.1,77.1,18.9,18.9,18.5,3.9,80.8
"1117",21.7,74.4,16.3,20.5,17.2,4.8,79.8
"1126",15.1,73.9,20.2,22.2,20.2,4.6,79.8
"1129",21.4,72.8,21.5,25.9,17.4,4.6,79.4
"1130",16.9,79.9,24.5,25.6,24.8,2.9,78.9
"1133",12.6,77.7,22,16.2,14.9,2.3,81
"1135",18.8,75.2,26.8,34.2,22.2,7.6,76.2
"1137",17.3,85.3,24.6,22.6,26.3,5.2,78
"1138",20.5,81.6,22.5,21.2,20.6,3.9,79.2
"1142",22.7,79.8,23.4,34.6,21.6,7.2,79.2
"1143",14.5,77.1,21,19.6,17.9,5,80
"1145",17,79.5,24.6,20.2,23.9,5.7,79.1
"1146",17.2,76.8,20.9,22.2,18.3,7.3,80.5
"1149",21.3,81.7,24.1,29.6,25.7,6.9,79.2
"1150",14.2,73.4,20.6,25.8,26.3,3.4,78.5
"1152",14.8,73.4,18.2,20.1,19.2,4.3,78.8
"1155",20.6,83.2,23.4,15.3,26.6,5.1,79.2
"1157",11.9,76.6,21.4,21.7,25,8.3,78.2
"1160",17.5,80.3,25.2,27.9,23.3,6.6,79.8
"1167",22.8,78.8,23.1,22.5,35.5,5.7,76.5
"1170",16.4,77.3,25.4,25.9,18.2,6.3,79.7
"1176",20.1,72,24.2,22.7,23.8,7,78.5
"1177",14.7,72.7,25.8,31.3,18.7,5.9,79.8
"1178",17,86.8,30.3,22.2,15.9,2.4,77.4
"1181",24.4,82,21.9,21.3,20,6,76
"1183",29.7,83.2,28.1,29.7,31,9.1,74.4
"1185",30.8,84.3,33.5,37.7,29.1,13.8,73.2
"1186",42.9,82.7,29.4,30,24.6,11.1,75.6
"1189",31.3,82.8,34,35.6,21.9,10.4,71.4
"1190",30.2,82.9,26.9,28.9,24.2,6.8,76.1
"1193",32.7,84.4,27.6,32,24.7,11.1,72.1
"1198",29.4,89.5,27.6,27.6,37.1,8.6,73.4
"1201",36.4,76.5,25.1,33.8,33.3,10.6,73.3
"1205",34.7,80.4,33.5,34.1,24.3,12.3,73.2
"1206",39.5,83,35.7,40.8,24.6,10.2,71.1
"1216",30.1,80.5,28.2,47.1,25.3,12.2,72.6
"1221",36.7,78.4,35.7,33.6,27.1,7.6,72.7
"1223",29.6,85.4,24.6,26.6,26.2,8,74.8
"1224",31.1,82.1,28.1,29.6,22.2,6.6,73.3
"1227",33.3,74.4,24.1,30.8,25.9,8.9,73.8
"1230",31.4,81.1,25.1,31.6,30.3,9.8,74
"1231",29.5,80.7,26.8,29.3,28.5,10.5,73.4
"1232",31.9,81.5,26.1,29.7,21.6,9.2,73.5
"1237",28.1,75.9,26.1,30.4,28.2,9.6,74.2
"1242",34.2,84.4,29.9,34.7,23,9.4,74.3
"1244",20.4,82.3,22.3,24.2,21.9,6.8,75.5
"1245",26,79.7,29.2,25.4,27.1,7.2,75.8
"1246",27,78.6,26.5,33.4,24.5,8,73.1
"1250",33.1,77.5,25.5,35.7,19.7,9.8,74.4
"1251",49.5,86.3,30.7,39.6,25.5,11.9,72.5
"1252",29.3,88,27.1,36,27.8,8.4,72.9
"1253",30.4,80.6,24.3,28.2,23,10.6,74.8
"1254",21,80.8,25.8,21.9,16.8,5.5,73.7
"1255",38.7,80.6,31,25.1,34.9,10.4,72.2
"1257",34.6,83.2,28.5,41.6,25.4,9.9,74.4
"1259",36.8,81.9,26.8,30.7,26.2,8.6,73.7
"1262",24.6,82.6,23.8,24.8,24.5,7,77
"1264",37.9,84.4,25.8,24.1,33.7,7.6,75.6
"1273",27.5,75.6,25.8,25.5,23.4,8,75.8
"1276",29.5,80.1,24.9,30.8,26.6,8,75.9
"1286",25,81.4,26.5,21.4,24.2,6.1,76
"1287",25.6,83,25.9,35,18,6.8,79.3
"1293",24.4,85.3,20.3,22.8,28.4,4.5,75.5
"1295",29.3,74.6,22,31.6,26.9,7.4,75.4
"1297",22.2,78.9,24.5,17.7,20.6,5.6,78.6
"1302",31.4,86.1,34.3,33.9,24,9.9,74.8
"1307",19.5,75.7,20.9,23.2,21,5.7,78.2
"1310",29.9,80.8,30.9,38.9,30.5,10.7,73.6
"1311",19.6,79.2,20.6,26.1,19.6,5.3,77.4
"1312",31,83.1,26.3,38.6,33.2,11.4,75.3
"1315",21.7,78.1,19.8,18.6,25.4,3.7,78
"1316",23.8,80.6,20.5,21.3,18.2,6.2,77.9
"1317",37.2,83.8,27.8,26.4,29.6,6.8,74.9
"1320",36,83.2,29.4,29.8,30,7.8,75.2
"1327",28.9,79.9,25.2,26.7,31.7,7.6,75.9
"1333",35.6,78.1,36.5,42.5,35.6,13.4,73.5
"1335",29.7,82,26.8,17.5,30.7,7.2,75.8
"1336",26.8,75.3,24.4,24.9,27.1,6.6,77.2
"1337",25.7,80.9,24.5,26.9,20.1,8.1,77.2
"1340",29.8,80.9,28.9,30.2,25.7,6,77.3
"1342",28.8,80.5,26,31.8,19.3,9.1,77.8
"1344",23.5,76.3,21,19.6,23.9,4,77.5
"1346",22.3,78.9,24.2,21.7,25.1,4.9,77.1
"1348",28.5,78.8,29.7,30.3,27,10.2,70.8
"1349",19.1,80.2,20.9,24.6,22.5,5.9,76.5
"1360",26.7,72.7,25.6,24.3,29.9,5.6,75.9
"1363",22.5,80.2,22.3,26.3,26.2,7,76.7
"1371",31,82.5,21.2,34.5,22.5,7.5,75.4
"1373",24.7,78.9,24.6,25.8,25.8,7.8,75.2
"1374",29.9,85,25.2,24.1,27.1,8.1,75.5
"1375",26.1,78.7,19.9,24,31.1,5.6,75.4
"1379",29.1,72.3,21.9,25.1,21.2,7.1,76.8
"1382",21.8,78.9,21.4,25.2,21.1,5.5,77.9
"1384",20.9,77.8,21.9,29.6,18.5,6.5,76.9
"1386",24.9,74.3,18.9,26.1,22.2,5.8,77.5
"1388",20.7,75.7,20.5,17.8,10.7,7.9,77.7
"1389",26.9,80.4,22.8,29,21.9,7.2,77.5
"1390",27.9,76.8,24.8,33.6,25.7,6.9,77.8
"1392",23.5,74.1,24,22.5,16.2,6.5,76.4
"1393",16.3,71.7,14,21.3,17.8,5.1,77.3
"1394",13.5,77.3,11.5,15.2,14.9,2.9,79.3
"1396",30.4,79.1,29.9,27.2,35.3,10.2,74.4
"1399",29.9,80.4,32.6,24.7,30.7,9.4,72.8
"1400",22.5,76.7,24.3,25.7,26.2,6.2,76.9
"1401",18.1,80.1,15.3,21.8,21.7,5.4,77.7
"1403",22.3,75.8,20.8,24.3,23.6,5.6,75.6
"1404",19.5,78.6,20.5,21.1,18.3,5.7,77.7
"1406",24.2,79.7,22.3,29,27.3,6.8,76.1
"1408",20.6,69.1,14.5,21,17.2,3.2,77.7
"1410",27.5,80.5,26.5,28.6,33.7,8,76.8
"1412",12.8,75.6,15,20,20.1,3.9,78.3
"1413",26.9,80.7,16.1,17.5,17.2,3.2,76.4
"1414",20.9,74.8,13.7,20.3,18.3,3.2,79.3
"1422",17.7,75.3,17.3,27.2,19.7,6.2,77.8
"1423",27.2,76.4,21.6,29.1,18.9,7.9,77.5
"1424",32.3,73.7,30.9,28.8,33.6,13.8,75.8
"1425",26.9,79.5,30.9,24.6,22.3,7.4,72.8
"1426",26.3,75.7,21,19.9,19.3,8.7,76.1
"1428",23.9,78.9,16.9,28.7,21.7,4.8,75.4
"1429",31.7,79.1,18.8,23.1,22.1,5.5,79.3
"1431",23.7,79.2,19.8,27.3,16.4,4,74.4
"1432",21.2,75.4,17.2,26.1,20.2,3.6,79.3
"1433",26.2,75.3,23.6,24.5,22.6,7.7,77.5
"1437",22.8,78.8,21.3,20.6,20.6,5.4,79
"1438",22.7,82.8,23.4,26.1,20.9,6.7,77.7
"1442",24.1,82.5,18.5,23.8,20.2,5.8,78.7
"1449",25,82.1,25.1,30.8,17,6.2,77
"1452",28.5,79,30.9,21.5,15.4,4.7,76.9
"1454",22.7,80.3,28.1,21,27.8,5.8,78.3
"1455",20,84.5,20.7,22,16.8,5.7,79.2
"1457",25.5,79.5,21.6,22.6,22.2,6.8,77.7
"1460",22.9,82.1,28.1,24.1,18.5,6.2,78.7
"1461",18.9,81.2,25,20.3,19.9,5.4,78.2
"1462",26.1,81.2,23.6,23.3,18.8,7.4,78.5
"1463",25.1,77.2,26.1,25.5,22.1,8.8,77.4
"1464",20.4,77,21.7,21.5,15,6.4,78.9
"1474",20.6,86.4,28.4,20.7,19,6.8,78.3
"1475",21.9,79.7,21.3,22.4,20.7,5,77.4
"1479",16.8,71.8,29,29.9,18.1,6.1,79.2
"1480",23.1,82.1,24.8,21,20.4,4.3,79.4
"1481",22.7,81,24.4,27.4,21,5.5,78.2
"1484",25.1,84.2,26.6,23.2,24,7.5,78.5
"1488",25.5,85.5,19.4,27.7,23.7,7.5,76.4
"1489",22.9,77.9,24.7,18.8,19.3,5.9,77.8
"1493",26.9,85.4,25.7,25.1,15.4,6.8,78.4
"1494",37.3,84.3,26,22.7,28.4,8.8,77.4
"1495",17.5,84,19.5,20.5,14.7,8.3,78.3
"1496",27.5,80.6,23,21.4,24.4,5.9,76.9
"1499",26.6,79,25.3,28.1,23.4,6.8,78.3
"1500",22,82,22.2,21.5,22.8,6.1,76.8
"1507",26,84.3,25.8,27.6,22.7,7.7,77.4
"1513",27.5,82.9,24.8,23.6,22.3,6.3,77.2
"1515",29.5,77.7,27,23.3,16.5,6,79
"1519",30.8,83.2,24.4,19.6,17.1,5,79.5
"1522",33.2,81.2,24,21.6,19.9,7.4,78.7
"1524",25.9,76.9,24.2,14.4,17.4,5.5,76.9
"1527",20.9,79.3,22.1,18.2,24.1,5.8,75.7
"1530",24.7,83.9,22.5,34.5,30.1,7.9,75.5
"1531",21.6,79,20.9,29,28,5.9,75.5
"1533",28.3,78.6,27.7,32.6,28,9.5,74.5
"1536",18.6,77.9,18,23.4,22.2,5.6,76.2
"1538",25.6,78.3,21.6,24.8,25.7,7,75.7
"1539",25.9,77.1,19.1,20.7,23.5,5.8,75.3
"1540",15.5,76.7,15.6,28.5,22.1,5.3,79.8
"1541",25.4,85.4,23.2,23.3,26.5,5,77.7
"1543",21.3,73.6,20.5,22,21.5,5.8,78.4
"1544",19.6,70.3,20,23.3,21.2,6.2,78.2
"1545",20,71.7,21.1,22.2,21.5,5.8,78.6
"1546",22.5,70.3,20.2,26.1,23,6.4,78.1
"1547",20.1,72.9,21.8,25.2,25.1,6,77.3
"1548",21,74.3,19.8,25.6,22.7,6.4,77.8
"1549",20.5,69.3,16.3,26.3,21.8,6.8,78.1
"1550",17.9,71,21.3,24.5,23.3,6.5,78
"1551",28,73.1,23.6,28.7,27.9,7.3,76.2
"1552",17.8,68.6,20.4,22.1,18.8,5.6,78.7
"1553",31.9,71.8,24.5,31.1,26.6,12.7,74.7
"1554",30.6,70.6,25.2,26.9,17.8,7.8,74.7
"1555",24.5,76.1,22.4,25.8,22.8,8.1,76.7
"1556",33.7,75.9,21.2,24.2,20.3,6.3,76.7
"1557",16.2,75.1,15.6,22.1,15.3,5.8,79.5
"1558",29.3,73.3,25.8,28.7,24.5,9.3,75.5
"1559",24.1,72.3,19.7,27.2,17,6.8,77.1
"1560",25.1,75.6,19.1,24.2,17.1,7.1,78.3
"1561",22.1,72.5,17.1,25.2,20.3,5.5,77.6
"1562",20.5,72.2,16.3,23.5,15.8,5.4,79.3
"1563",28.4,70.7,22.8,29.3,21.5,8,77.8
"1564",31.2,75.3,21,24.8,19.1,6.9,77.1
"1565",36.3,78.9,26.8,28.8,24,7.1,75.3
"1566",19.3,73.7,17.1,24.2,15.2,4.7,79.5
"1567",23,70.8,22.5,25.6,23.2,5.3,77.6
"1568",28.1,72.6,20.7,25.8,19.2,7.5,77.7
"1569",23,71.8,16.2,26.4,16.6,5.6,79.9
"1570",26.3,69.4,24.5,24.8,19.3,6.7,78
"1571",25.2,72.7,21.8,24.6,21.1,7.1,77.6
"1572",28.5,76.6,24.1,26.8,23.3,7,75.8
"1573",27.3,68.9,19.9,34.2,24.1,9.5,76.6
"1575",27.7,81.1,22.6,19.9,18.3,6.9,78.5
"1576",30.7,80.9,29.9,27.4,25.2,9.4,75.2
"1577",23.4,76.1,20.2,26.5,20.3,9,76.6
"1579",18.9,78.1,17.5,20.2,21,5.4,77.7
"1582",34.6,78.6,27.5,22.4,29,7.3,75
"1583",22.8,77.3,15.6,30.5,22.8,6.7,76.8
"1584",12,66.8,12.8,19.7,11.1,3.1,79.6
"1585",35.9,81,25.3,31.7,22.3,9.3,76.6
"1586",22.4,72,26.8,17.9,17,10.4,74.5
"1588",22,77.7,24.8,23.2,25.2,8.4,77.7
"1589",35.3,78.7,24.8,24.3,27.7,6.7,77
"1590",28.3,78.9,19.7,16.8,25.4,7.7,74.2
"1592",33.8,81.4,20.5,22.5,24.1,6.8,77
"1593",21.7,78.3,22.9,21.2,20,6,79
"1594",21.6,77.6,22.3,21.7,23.5,5.9,76.4
"1595",26.7,81.8,21.5,19.1,26.5,7,75.8
"1596",18.1,75.5,14.7,18.6,19.7,4.2,79.6
"1598",27.8,77.8,19.8,27,25.4,10.4,77.4
"1599",21,72.1,17.7,21.1,20.3,5.8,78.7
"1602",30.2,81.1,24.1,27.2,23.9,9.4,76
"1603",27.7,79.8,22,22.3,24.9,6.2,76.1
"1604",28.3,82.9,26.6,17.5,23.7,10.5,76.1
"1605",24.5,80.6,20.4,21.4,21.5,8.4,78.4
"1606",26.4,80.8,22.4,18.6,25.1,5.3,76
"1607",25.2,84.1,25.5,27.1,35.1,7.9,77.1
"1608",27.5,73.7,19.8,25.2,20.9,6.3,77.9
"1609",25.2,76.7,22.6,24.5,30.9,9.7,75.4
"1611",17.4,63.1,18.8,25.2,16.3,4.8,79
"1612",21.4,71.6,22.7,30.6,23.2,9.5,77.5
"1615",28.5,69.8,24.9,25.6,29.6,8.1,77.3
"1616",22.7,67.3,15.2,22.7,13.9,6.7,79.5
"1620",25.8,76.1,25.8,30.4,24.3,7.1,77.7
"1621",23.8,79,27.9,29.8,25.9,9.2,77.1
"1623",26.6,71.9,22,24.8,24.4,6.6,77
"1624",25.9,69.7,20,28.8,21.9,6.8,77.7
"1628",23.6,73.2,20.8,26,21.7,8.2,78
"1629",23.9,73.7,23.9,26.3,22.7,8.1,76.9
"1633",26.7,74.6,17.3,21.3,24.2,9,77.8
"1638",21.7,70.1,25.9,31.1,34.2,8.2,77.6
"1639",34.6,73.5,23,23.6,18.7,8.8,76.7
"1643",23.6,72.6,22.2,26.1,22.2,7.3,78.2
"1645",25.3,73,16.6,24.5,18.1,6,79.2
"1646",35.5,73.8,24.4,24.5,19.6,9.2,75
"1647",24.5,71,15.9,23.1,18.7,6.6,78
"1648",24.4,75.5,25.4,27.8,26.5,7.1,76.7
"1649",23.4,74.4,21.1,34.1,23.3,7.4,77.4
"1650",22.5,72.3,22.8,26.4,21.7,6.4,77.6
"1651",16.9,68.5,19.3,21.3,16.1,6.2,77.9
"1652",25.4,75.9,23.9,28.1,23.2,6.5,77.4
"1654",25.7,82.8,26.6,20.3,32.1,5.8,76.5
"1657",20.9,76.5,23.2,31.7,25.9,8.8,77.7
"1658",33.5,73.9,17.1,22.9,16.6,6.3,79
"1659",20.4,74.2,23,33.2,25.1,9.8,76.8
"1660",28.3,77.8,22.6,20.9,27.3,6.6,77
"1661",28.1,71.4,18.1,28.6,17.8,8.7,79
"1662",25.8,74.2,25,32.1,25.2,10.6,76.5
"1663",18.4,76.4,20.4,22.6,23.4,6.5,79
"1664",23.2,67.9,25.2,30.8,21.4,9,77.9
"1669",31.9,76.5,25.1,24.2,26,7.9,75.1
"1671",30.6,79.8,23.8,33.5,26.5,8,74.5
"1678",22.2,77.5,20.4,24,18.6,5.3,76.9
"1682",29,74.9,27,41,21.2,5.3,77.7
"1683",31.6,78.2,27.3,31.7,25.5,7.8,74.5
"1684",20.4,75.9,20.9,26.1,21.7,7.3,76.9
"1686",23.1,68.8,19,20.4,33,5.1,75.2
"1687",15.2,67.4,19,20.8,16.7,4.9,77.9
"1694",26.1,83.9,25.4,27.6,24.7,8.6,74.7
"1696",26.7,77,24.7,25.3,26.7,6.3,76.8
"1698",43.6,86.8,31.5,29.5,30.2,11.9,71.5
"1699",27.9,70.6,29.3,29.3,34.5,8.1,75
"1700",33.2,80.6,25.1,36.6,28.9,10.6,75.3
"1702",30.7,72.4,19.4,28,20.6,5.3,74.7
"1703",41.2,81.5,32.1,33.6,27.3,9.6,74
"1705",24.9,72.9,20.9,21.3,24.7,8.4,75.2
"1707",35.5,81.2,26.2,33.1,30.8,9.1,75.9
"1711",24.8,75,28.8,24.7,22.2,4.3,76.4
"1712",37.9,83.5,33.8,21,22.8,11.3,73
"1714",18.1,77.4,19.4,19.9,17.7,4.9,78.1
"1717",22.3,64.7,15.6,23.8,28.3,8,78.6
"1718",32.1,80.3,25,36,30,11.7,73.7
"1719",29.6,74.5,23.1,31.4,23.7,9.8,76.1
"1720",28.8,79.2,31.1,41.1,23.1,12.7,73.7
"1721",34.8,76.6,22.9,22.3,30.8,7.6,76.4
"1723",25.9,75.1,25.8,24,28.7,9.8,75.8
"1724",25.5,81.1,25.1,27.9,30.2,9.1,75.9
"1725",22.8,72.3,21.6,26.4,25.1,6.9,76.4
"1726",25.5,78.4,26.5,26,33.5,7,76.2
"1727",27.9,73.7,25.1,23.8,23.4,10.9,76.3
"1728",31.1,84.6,27.8,36.9,24.7,10.3,75.8
"1730",24.9,76,24.5,29.8,21.6,8.3,76
"1732",26.8,83.1,24.6,30.7,22.4,7.1,75.6
"1739",39.1,87.2,30,32.4,28.2,11.5,72.7
"1740",20.9,73.9,22.5,28,22.4,9,75.5
"1741",24.6,80,23.5,30.7,27.7,7.2,74.3
"1743",19.7,74.7,15.9,24.7,30,6.2,77.1
"1744",32.2,80.4,26.6,28.2,27.1,10,76.4
"1748",23.6,66.8,21.1,24.9,19.4,4.3,75.6
"1750",21.6,73.9,23,29.1,23.9,7.1,76.4
"1752",30.4,86.8,28.6,28.6,28.4,12.2,73.9
"1758",23.7,74.7,22.1,28.5,21.2,8.2,76.7
"1759",33.8,85.1,34,33.5,20.6,9.3,73.5
"1760",26.2,75.2,26.5,23.6,26.8,7.3,74.9
"1761",31.6,70.8,23.7,36.9,30.4,8.6,76.9
"1762",23.8,71.6,19.6,28,23.6,6.1,78
"1766",25.2,78.4,24.3,28.8,27.2,6.4,75.9
"1768",30.3,72.4,20.7,28.1,28.4,7.6,76.5
"1769",21.6,78.4,22.5,22.4,22.2,5.6,78.7
"1770",27.6,73.6,29.1,33.1,14.1,6.4,76.8
"1771",21.4,77.8,24.3,26.7,24.9,5,78.4
"1774",18.2,79.8,20.9,19.5,19.3,5.3,80
"1775",18.9,80.2,20.9,20.2,21.3,4.9,79.1
"1778",35.2,77.8,20.6,25.3,14,7.1,78.3
"1785",18.8,78.1,20.7,19.1,20.5,5,78.9
"1788",21.9,73.9,24.7,32.2,20.4,5.4,78.3
"1793",29.5,72.9,28.1,28.8,17,12.4,76.3
"1795",28,73.3,31.8,27.5,27.5,6.7,77.6
"1796",29.6,77.5,25.8,27.5,20.1,7.1,77.6
"1797",21.4,77.5,28.7,21.6,24,5.7,78.1
"1798",23.9,79.3,25.6,26.8,22.8,5.5,78.1
"1799",38.9,76.8,19,28.5,24,9.6,76.8
"1800",34.8,73.8,33.2,24,29.2,7.1,77.2
"1803",25.8,72,24.2,27.7,16.7,8,77.2
"1804",26.4,86.1,22.2,30.4,21.8,8.2,76.3
"1805",24,80.3,25.8,23.1,24.5,7.2,77.2
"1806",28.4,73.9,24.2,30.8,21,6.6,78.3
"1808",23.9,78.2,24.8,23,23,3.7,78.3
"1809",29.3,81,37.2,21.9,35.6,13.7,76.3
"1811",31.7,74,23.2,25.8,21.2,4.6,78.3
"1815",18.4,75.4,22.6,23.3,19.5,4.5,79.5
"1817",22.8,78.4,25.6,31.2,19.6,7.8,78
"1819",21.1,79.3,27.9,18.1,14.3,6.4,78.9
"1820",25.9,78.1,19.3,27.7,24.9,8.5,77.2
"1821",25.5,79.1,22.9,31,21.7,3.1,77.2
"1823",21,74,21.3,20.6,21.4,6.5,78.5
"1826",16.3,77.1,29.7,24.1,22,6.8,77.4
"1828",25,76.6,24.2,25.7,22.5,8,75.6
"1839",16.6,77.1,21.7,21.1,24.1,4.6,77.8
"1842",27,77.2,22.4,25.3,23.6,6.4,76.3
"1849",29.6,77.1,22.8,27.1,24.4,8.1,77
"1850",24.9,77,21,24.1,28,6.9,76.9
"1851",25.8,79.1,30.1,32.4,25,7.8,76.2
"1852",28.9,85,33.9,26.1,23.5,7.3,76.9
"1857",19.3,72.5,19.2,20.3,19.4,6.2,77.5
"1858",26.5,75.5,19.9,23.7,32.7,9.5,76.3
"1859",29.7,80.4,24.3,22.5,26,9.2,77
"1861",23.4,83.1,24,24.2,17.4,5.9,77.8
"1863",23.2,76.6,28.8,24.5,25.2,6.8,76.3
"1867",21.1,73,35.5,28.7,24,8.9,75.2
"1868",20,74.6,22.4,20.1,24,4.1,76.1
"1870",28.4,76.9,19.2,22.3,27.8,7.1,76.2
"1873",24.6,77.3,23.6,26,23.9,7.5,76
"1877",12.7,74.7,20.2,22.7,17.6,5.6,78.4
"1879",22.4,75,23.5,27.5,21.3,8.3,77.2
"1881",23,76.7,23.3,22.9,24.4,6.2,75.7
"1885",19.5,72.8,22.6,21.2,20.4,8.5,77.8
"1888",23,73.5,22.5,24.7,22.6,7.6,76
"1901",23.9,80,15.8,19.5,32.8,8.1,77.8
"1903",26.5,77.7,27.9,25.2,28.7,9.3,76.2
"1905",27.2,78.6,25.8,26.7,26.7,6.8,77.2
"1906",26.6,79.8,25.9,23.4,27.7,8.6,75.5
"1908",27.5,78.1,22.5,25.3,23.1,7.4,75.5
"1910",36.1,85.9,28,33.6,26.8,9.2,74.2
"1912",33.1,89.3,33.6,32.2,24,12.2,74.5
"1913",33.5,85.8,23.3,31,29.6,13.9,74.4
"1914",30.6,83.9,22.8,25.5,24.2,7,74.5
"1915",37.7,80.3,28.5,35.3,29.9,10.4,74.4
"1916",33.2,88.1,30.7,36.8,25.7,10.4,77.1
"1917",32.1,83.2,25.3,33.3,30.6,10.8,73.8
"1919",23.3,85,21.2,24.2,19.5,6,77.9
"1921",33.8,82.6,26.3,36.4,28.6,7.2,74.4
"1922",30,88.5,25.8,35.2,29.3,7.1,73.6
"1923",31.7,83.7,27,27.7,29.8,9.5,74.2
"1926",29.2,88.9,23.7,29,27.5,8.9,76.7
"1927",35,82.4,31.2,34.8,33.7,8.6,72
"1928",33.1,84.8,27.7,36.5,26.8,10.2,74.6
"1929",36.6,86.3,28.3,32.3,23.2,10.2,75.4
"1930",30.4,84,20.6,21,24.8,5.5,76.4
"1931",34.7,85.6,20.9,34.3,34.5,7.9,74.5
"1933",27.6,83.7,22.1,26.8,23,6.9,75.5
"1934",28.4,89.2,24.7,30.6,28,7.9,77.7
"1935",29.6,77.9,20.1,33.8,24.9,9.9,77.1
"1938",28,84.1,29.8,30.8,26.7,9,76.3
"1939",31.9,86.8,28.5,41,26.7,10.5,72.6
"1940",25.1,84.3,21.7,24.2,26.4,5.8,76.9
"1941",35.9,84.9,22,33.2,24.8,7.8,74.2
"1942",39.7,82.8,31.3,45.6,30.2,9.4,74.3
"1943",33.2,83.9,26.1,30.6,25.8,8.9,74.3
"1944",35.9,81.4,22.3,32.5,29.6,7.6,73.2
"1946",23.4,84.4,20,24.1,23.1,4.7,77.6
"1948",30.1,83.3,23.7,28.9,29.9,8.8,75.4
"1950",39.5,85,22.5,32.4,27.7,7.7,74.5
"1951",34.7,84.8,26.7,32.6,25.2,6.6,74.7
"1952",28.7,81.7,24.3,29.6,22.7,7.2,74.7
"1954",39.1,86.8,25,31,29.4,11.2,75.6
"1957",28,84.5,28.8,27.7,26.5,7,75.3
"1958",35.5,81.3,25,34.6,27,10.8,74.1
"1959",29.6,83.9,26.7,26.5,21.4,6.9,74.8
"1966",32,88,22.7,31.8,29.8,6.2,74.3
"1967",30.6,77.9,25.4,30.4,25.5,10.4,75.5
"1970",29.9,83.3,25.4,30.6,25.6,9.5,75
"1971",29.1,75.4,27,31.2,22,5,74.6
"1974",38.3,84.9,27.5,26.4,27.3,10.7,73.8
"1976",34.9,82.7,30.8,30.5,29.6,9,74.9
"1977",33.8,89.8,25.2,27,25.5,6.2,76.8
"1979",28.2,82.2,25.7,27.4,22.8,6.9,75
"1980",35.9,85.5,29.9,33.9,24,7.2,72.1
"1981",40.5,85.8,26.1,43.8,35.6,9.3,74.4
"1984",31.8,90.6,23.7,28.5,28.2,9.4,74.8
"1985",31.2,78.8,19.2,30.7,34.2,11.1,74.6
"1986",34.3,82.8,24.1,32.6,32,9.1,74.3
"1987",21.8,73,23.1,32,25.3,9.4,76.1
"1989",20.9,64,17.5,32.3,21.8,8.1,76.1
"1990",13.9,75,16.4,22.2,15.5,4.5,78.7
"1991",23.1,79.3,27.5,34,27.5,7.8,76.2
"1998",16.5,75,21.5,26.8,21.8,7.4,78
"2000",26.8,76.4,30.5,27.2,22,10.4,76.2
"2001",20.7,72.6,23,28,27.1,7.4,76.8
"2002",23.6,76.2,24.2,29.8,24.7,7.1,75.5
"2004",17.5,75.7,22.5,24.7,20.5,5.9,77.8
"2005",14.5,71.1,14.6,18.8,14.2,4.1,80.9
"2006",23.3,74.7,19.9,21.4,19.9,6.3,77.8
"2007",20.1,79.2,25,32.5,25.3,8.2,75.8
"2008",21,75.5,29.9,26.2,21.9,7.8,77.5
"2009",30,78.7,28.1,27.2,15.4,6.3,78.1
"2010",20.9,74.9,25.2,24.4,19.3,7.7,77.5
"2012",16.1,72.6,19.4,21.2,20.9,6,76.6
"2013",19.2,73.4,20,23.6,15.5,6.3,80.9
"2015",22.7,72.8,22.7,28.7,19.9,4.3,77.1
"2016",25.9,79.6,26.1,28,23.1,7,77.1
"2017",15.8,74.3,20.6,22,18.9,4.5,78.4
"2018",27.9,77.6,25,30.6,29.4,7.5,74.8
"2019",20,78.6,21,25.3,22.5,5.3,78.3
"2021",23.6,76,24.6,27.7,21.8,8,77.4
"2022",15.5,71.8,19.6,20.2,16.3,5,79.5
"2024",21.2,73.8,26,21.3,19.4,7,78.1
"2025",15.6,75.4,22.6,21.7,26.8,7.7,76.5
"2026",23.7,75.4,25.1,27.1,19.8,8.8,74.8
"2027",16.7,77.6,28.7,31.2,23.3,7.7,76.5
"2028",20.9,70.7,19.7,23.8,18.7,6.6,77.3
"2029",22.6,64.6,24.6,18.4,14.3,7.5,73.9
"2030",28.4,74.5,26.4,30.4,28,8.4,72.3
"2033",23.8,84.3,24.5,24.5,24.7,7.7,75.8
"2035",23.1,79.5,21.1,24.8,22.6,3.2,77
"2038",27.8,78.3,28,21.7,27.1,6.3,77.5
"2040",24.4,69.6,25.1,27.6,19,8.6,77.4
"2041",23.7,79.4,19.3,26.4,29.4,7.4,76.1
"2043",28.5,76.6,25.4,29.7,25.5,9,77
"2045",25.5,75.5,27.5,32.5,23.2,10,77.6
"2047",23.5,75,23.3,24.6,21.3,6.9,78.2
"2048",25.3,80.3,23.2,27.5,28.4,10.6,76.1
"2050",21.3,71.9,18.4,24.7,18.2,6.3,77.7
"2051",19.8,75.3,25.2,27,19.1,7.4,77.9
"2052",22.7,73.4,26.5,24.3,21.8,9.1,78.2
"2053",26.9,73.8,26.7,28.3,21.8,10.6,76.9
"2054",26.5,81.9,26.1,28,24.7,7.8,77
"2057",15.5,66.6,21.8,21.5,17.9,5.4,79.4
"2058",17.8,74,15.4,24.9,18.9,6,78.7
"2060",25.6,78.5,26.6,35.4,21.4,9.6,77.5
"2063",24.4,80.5,25.8,33.2,26,5.8,76.8
"2064",23.1,73.6,20.9,26.9,23.8,8.4,76.7
"2065",36.9,66.8,20,20.4,18.1,7,80
"2066",21.1,73.8,22,26.3,22.5,7,78.8
"2067",22,77.4,26.9,29.6,24.8,7.4,76.7
"2068",24.5,76.1,24.5,28.5,24,7,77
"2070",24.8,78.4,21.5,25,29.4,7.9,76.9
"2071",29.5,79.9,29.8,27.6,26.6,8.5,75.8
"2073",22.9,75.2,26,26.6,20.1,6.3,78
"2076",31.7,80.9,31.5,29,27.5,11.5,76.9
"2077",23.4,69.3,16,28.5,21.9,5.7,77.8
"2079",22.3,83.7,21.9,23.1,24.3,7.5,77.2
"2082",26,72,21.6,32.1,28.8,7.4,76.4
"2083",24.8,73.9,22.2,21.7,22.1,6.8,78.5
"2084",29.2,82.9,27,28,26,9.3,76.9
"2085",22.1,72.5,24.1,21.8,29.1,7.2,78.2
"2086",21.6,77.7,25,23.5,26.9,6.4,77.8
"2087",26.1,76.1,23.7,30.1,28.7,10.1,76
"2088",26.4,76,25.7,27.6,24.8,10,77.1
"2089",26.7,73.5,25.7,26.8,16.2,9.2,80.9
"2090",22.5,81.9,27.8,29.2,28.7,10.2,77.4
"2092",25.9,81.8,25.7,25.2,28.6,9.5,76.6
"2094",23.7,72.3,25.9,27.3,23.9,7.3,77.3
"2095",17.2,73,17.1,26.4,19,6.4,78.8
"2097",22.6,73.4,24.7,28.6,19.8,7.6,78.8
"2098",23.4,85.1,27.8,27.3,26.1,7.2,76.4
"2099",22.6,75.7,28.3,17.5,24.8,7.5,75.9
"2101",22.8,72.7,23.8,26,20.2,9.1,76.8
"2102",20.1,69.6,17.2,29.7,17.7,6,79.5
"2103",24.9,74.1,20.4,28.3,23.5,6.4,77.5
"2104",18.6,68.4,14.9,29.4,20.8,6.4,79.3
"2105",28,73.3,20,26.7,22.4,7,77.7
"2106",18.8,68.8,17.2,25,19.4,5.4,79.1
"2107",30.6,76,28.8,31.7,23.5,6.6,74.8
"2108",17.4,72.9,16.8,30.5,21,7.4,78.9
"2109",24.4,79.6,27.4,23.7,25.8,10,75.3
"2111",20.7,74,21,25.2,22,8.3,75.6
"2112",29.1,85.5,25.1,29.8,31.6,13.4,76.8
"2113",36.9,81.3,25.7,30.4,27.1,8.4,74.1
"2115",35.5,85.1,27.3,31.1,29.2,9.5,72.3
"2116",33.6,81.1,23.5,34.6,26.6,10.7,74
"2117",28.5,83.6,32.8,30.2,29.2,11.9,73.6
"2118",28.1,83,28.6,32.6,27.2,11.6,72.2
"2119",36.9,82.7,28,28.7,25.5,8.5,71.9
"2120",25.3,80.2,27,26.5,22.1,7.1,75.1
"2123",25.3,77.2,27,35,26.5,10.9,74.8
"2124",30,80.4,27.4,29.8,26.5,9.7,72.7
"2125",20.8,77.5,24.9,32.7,22.6,6.8,74.8
"2126",21.5,75.5,21.8,25.7,21.1,7.3,76.1
"2127",25.8,74.7,28.4,29.1,20.9,9.2,74.6
"2129",22.3,75.5,25.1,28.6,31.3,7.7,75.5
"2131",29.9,82.5,29.3,34.4,31.6,10.6,74.9
"2132",30,73,28.5,27.9,24.7,8.4,73.8
"2133",30.1,80.2,30.8,35.3,28.2,9.8,74.4
"2136",20.7,75.5,23.1,26.2,25,6.7,76.2
"2138",31.7,77.2,34.9,44.6,25.9,11.5,71.4
"2139",43.3,80.4,35.4,36.8,35.7,10.9,69.6
"2140",34,79,25.4,36,23.5,11.4,75.8
"2141",22.9,74.1,22.4,30.7,23.5,9.1,76.5
"2142",30,79.5,35.2,35.7,21,9.9,72.8
"2143",26.4,77.1,20.1,25,24.1,7.8,76.7
"2144",20.1,73.6,22.2,25.5,20.1,7.9,74.7
"2145",25.7,78.7,26.7,32.3,24.7,9.4,74.8
"2147",27.9,76.8,25.1,28.3,25.3,8.2,74.4
"2148",27.6,75.7,27.5,26.9,24.1,9.7,74.3
"2149",32.4,82.3,31.9,42.5,28.5,12.5,73
"2151",23,75.9,22.2,27.1,25.1,7.6,75.7
"2153",14.8,71,16.5,17.2,19.6,4.2,78.5
"2154",21.2,77.5,25.8,25.7,22.5,8.8,79.2
"2155",20.2,77.8,19,23.8,23.2,5.4,77.6
"2156",31.8,78,21.3,28.2,13.7,7.4,74.6
"2157",31.8,80.1,22.2,28.2,23.1,9.6,78
"2158",31.1,80.1,26.9,30.7,27.6,9,76.8
"2160",21.7,77.3,29.7,21.1,42.4,9.8,66.6
"2161",26.1,78.5,27.8,31.8,19.1,8.6,78.8
"2162",26,84.9,25.3,31.1,19.1,8.7,78
"2164",19.5,82.3,21.2,17.3,18.2,3.9,80.3
"2165",29.8,75.2,36.4,26.4,39.9,13.7,66.6
"2166",30.7,79.7,29.4,23.4,18.9,7.1,77
"2167",25,81.8,19.6,23.1,25.4,5.7,79.1
"2168",23.1,83.1,23.7,23.8,18.3,5.7,78.3
"2169",26.7,74.7,26.5,23.4,24.8,6.8,78
"2170",21.3,76.4,23,26.2,21.1,7.4,78.5
"2172",21.9,82.3,24.9,23.7,20.3,6.7,78.1
"2173",29.7,78.9,26.1,29.2,18.6,10.2,78.8
"2175",28.1,78.1,25.4,27.5,25,8,77.5
"2177",25.1,80.5,28.7,27.5,21.2,10.1,78.3
"2179",16.3,78.3,22.8,19.9,18.5,3.9,78.3
"2180",23.8,82.1,23,21.7,23.8,5,78.6
"2181",34.2,82.4,38.3,23.8,28.5,13.8,74.6
"2182",24,76.5,18.7,30.9,20.1,6.7,77.6
"2183",25.5,82.1,20.2,21.4,21.8,6.9,78.8
"2184",27.4,73.1,24,31.2,19.4,4.9,76.8
"2185",22.4,78.6,21.2,22.6,16.7,7.7,78.8
"2186",32.1,82.7,24.3,34.1,14.6,7,78.8
"2187",25.9,79.4,31.4,25.7,38.9,12.1,74.6
"2188",32.9,81.7,18.7,23.3,17,6.2,78.8
"2189",32.5,86,30.4,38.4,14.5,9,77
"2190",22.8,77.9,25,34.4,19.7,10.9,77.6
"2192",28.6,75,25,31.4,16.5,7,78.6
"2193",31.7,81.6,26.3,31.5,17.2,8.5,78.3
"2194",30.9,82.6,20.3,31.9,13,11.3,74.6
"2195",24.5,77.7,23.4,23.8,23.3,5.1,78.8
"2196",34.5,76.8,27.5,31,12.3,8.9,77
"2197",25.2,81.7,25.1,27.8,20.3,7.7,78.5
"2200",19.7,80.3,23.9,27.7,17.3,6.8,78
"2201",28.2,73.9,21.9,25,13.1,5.7,78.5
"2204",32.7,74,26.4,29.8,14.3,6.2,78.5
"2206",37.5,82.2,30.3,34.4,17.3,7.4,79.2
"2207",25.6,83.7,23.5,25.1,22.5,5.6,79.2
"2208",22.4,80.3,22.7,33.4,28.8,5.1,66.6
"2209",17,78.1,14.5,23.4,20.5,6.2,79
"2210",19.8,83.9,18.9,18.7,20.6,4.3,78.5
"2211",31.1,74,29.3,17.5,30.4,7.2,77
"2212",23.1,81,22.9,24.2,15.9,6.2,79.1
"2214",33.2,80,31.1,32.4,20,7.4,76.8
"2215",20.5,83.2,21.5,26.3,22.3,5,77.5
"2218",20,82.1,21.7,22.6,22.3,5.3,78.5
"2219",27.9,73.8,22.3,31.4,16,6,78.3
"2221",39.4,75.6,31.7,34,31.3,8.4,74.1
"2222",27.5,72.8,25.6,26.7,25.9,13,76
"2223",33.6,67.8,24.7,38.7,27.2,10.1,75.5
"2226",30.3,68.6,30.3,28.1,19.5,7.4,75
"2229",30.7,68,25.8,23.8,26.7,8,75.1
"2230",31.6,77.2,28.9,30.9,20.4,10.3,75.4
"2233",24.7,68.3,20,25.2,27.1,6.6,75.7
"2236",41.9,69.8,27.5,37.2,29.6,4.3,73.9
"2242",26.2,69.9,20.1,27.2,28.9,6.6,75.8
"2244",34.9,75.7,25.5,36.4,23.9,10.1,75.3
"2245",32.8,65.4,28.1,22.6,24.6,7.8,74.8
"2246",26.6,68.4,25.1,26.9,24.6,7.3,76.2
"2249",30.9,71.1,30.5,27.3,28.5,11.7,76.1
"2250",32,72.1,27.8,28.6,21.3,7.7,73.2
"2254",33.7,65,25,36.4,23.8,11.9,75.8
"2255",28.9,69.1,21.8,24.6,28.4,9.1,76.4
"2256",40.5,78,30.6,32.5,36.8,9.4,74.2
"2262",34.5,74.1,21.3,27.8,27.6,8.1,75.5
"2267",17.8,67.2,15.2,20.2,17.2,5.6,78.8
"2268",22.6,71.6,24,27.5,29.1,7.1,75.8
"2269",40.9,65.7,29,32,28.3,12.1,75.5
"2270",32.6,71.2,25.3,34.7,25.4,12.4,76.3
"2276",33.9,74.4,21.4,36.7,22.6,9.5,75.4
"2278",28.5,71.8,28.7,34.4,24.9,7.5,76.9
"2279",27.9,69.6,23.4,27,22.4,7.5,74.8
"2284",33.1,76.5,29.4,38.9,32.8,9.9,73
"2287",35.8,78.4,24.6,37.1,36.3,5.1,75.9
"2288",38.2,77.4,28.6,36.6,34.9,7.3,73.4
"2291",43.2,71.1,29.3,33.2,27.3,10.6,74.2
"2294",41.6,71.4,25.9,32.3,26.6,13.3,74.9
"2295",27.3,67.4,25.2,27,22,8.6,75.4
"2299",42.1,70.3,18.3,27,24.6,10.1,75.6
"2310",25.6,69.3,22.4,25.7,23.5,9,76
"2313",37.3,71.4,32.7,34.9,34.7,13.3,74.8
"2314",28.5,63.3,28.2,31,28.5,8.7,76.4
"2315",32.7,74.2,24.5,34.5,25.6,8.8,75.2
"2322",27.8,76.2,22.5,25.1,20,6.6,76.3
"2327",22.2,80.1,23.3,17.3,17.3,4.6,78.3
"2336",24.4,74.8,23.9,21.8,25.5,6.1,75.5
"2338",24.4,77.4,23.6,19.3,18.7,8.1,78.3
"2346",19.5,81.1,15.2,22,15,4.1,78.9
"2352",24.9,79,28.6,28.4,27.4,9.3,75.4
"2361",27.9,77,24.1,28.9,25.2,9.3,74.4
"2372",26.5,74.7,22.6,22.2,18.8,5.9,76.3
"2376",19.7,78.8,26.1,19.4,17.4,7,78.7
"2379",33.6,78,31.1,18.7,15.7,7.1,80.2
"2396",35.7,75.3,30.3,35.5,20.5,11.1,74.8
"2399",27.5,78.1,25.7,28.1,25,9.1,75.5
"2415",27.3,76.4,25.3,20,31,7.9,76.7
"2426",26.1,77.9,30.6,25.5,19.5,9.1,76.9
"2428",26.7,75.6,25.5,32.1,24.7,8.4,76
"2431",26,72.9,26.2,29.2,22.2,7.2,75.8
"2447",23.1,78.3,24.9,22.3,17.1,7.4,75.9
"2456",28.6,76.8,30.9,28.6,23.8,9.4,76.3
"2463",26.5,70.8,23.8,18.7,22.5,7.5,76.1
"2467",30.6,82,17.8,24,26.7,8.3,72.9
"2471",23.7,79.4,30.7,27.1,22.7,7.8,78.8
"2481",25.2,76.4,32,25.3,22.8,3.8,76.1
"2493",20.4,77.1,19.1,25.6,16.1,3.5,78.5
"2495",33.2,78,28.1,27.7,21,9.6,76
"2503",24.9,77.2,22.6,25.2,21.2,6.9,76.3
"2505",22.8,79.5,27,30.8,23,9.9,76
"2511",19.2,73.1,18.7,16.3,19.6,5.8,78.2
"2525",29.9,78.1,23.8,14.1,24.3,6.8,78.5
"2529",28.8,84.3,26.7,28.9,20.6,7.7,75.1
"2532",22.3,75.8,22.3,19.1,19.9,5.1,79.7
"2548",39.2,80.2,32,23.2,13.9,10.2,80.1
"2561",17.1,79.7,20.7,20.5,15,3.3,79.7
"2570",14.8,80.2,19.7,18,9.7,4.9,79.4
"2571",24.9,85.8,24.5,27.4,19.6,5.8,76.3
"2572",21.5,81.6,23.6,21.7,19.6,5.2,77.6
"2574",19.9,72.3,17.6,23.9,22.9,7.1,77.6
"2576",18.3,79.8,17.8,27.9,15.3,5.8,79.4
"2579",26.5,84.7,22.9,27.1,12.3,6,76.9
"2583",17.3,78.6,20.1,20.2,13.6,5.2,78.1
"2584",22.1,81.5,19.3,23.4,8.3,5.7,77.8
"2585",18.7,81.2,19.4,22.9,10.7,6.1,77.9
"2586",19.3,86.7,26,27.6,10.7,4.7,78.4
"2587",24.4,86.4,20.4,23.7,15.5,4.1,77.9
"2588",12.9,73.9,10.2,14.3,8.7,2.4,80.8
"2589",22.4,81.9,25.2,26.5,16.9,7.6,77
"2590",24.7,81.5,24.5,20.1,20.1,7.1,76.3
"2591",16.1,79.3,18.5,15.7,6.3,4.7,79
"2592",17,75.9,18.1,22.9,9.3,3.5,79
"2593",17.3,75.3,19.3,21.7,9.9,5.4,80.7
"2595",20.1,81.3,21.8,20,14.6,5.7,77.6
"2596",16.5,77.2,18.4,15.8,6.2,5,80.6
"2597",26.3,84.2,22.1,29.1,19.4,6.6,79
"2599",25.8,79.4,23.8,24.9,16.1,10.9,76.8
"2600",24.1,76.1,22.6,23.4,24,6.3,76.9
"2601",18.4,69.2,21.3,26.9,15.3,4.2,78.7
"2602",18.3,64.1,20,21.2,19.7,5.8,78
"2603",21.4,69,19.9,23.2,20.6,5.5,78.6
"2604",24.6,72.4,21.5,26.2,22.9,7.5,77
"2605",18.6,68.8,19.7,24.8,19.5,5.8,78.6
"2606",21.4,74.2,21.6,24.1,22.8,6.3,77.3
"2607",18.5,69.7,19.3,22,20.9,6,78
"2608",18.7,66.5,18.6,23.6,19.9,4.8,78
"2609",18.7,68.3,18.4,22.9,19.5,5.1,79
"2610",21.4,71.4,19.2,25.7,19.5,6.9,77.9
"2611",21.8,73.2,21.1,25.4,21.4,6,77.3
"2612",14.9,66.3,15.8,20,17.1,4.2,78.7
"2613",26,73.9,22.1,19.8,26.2,7.3,77
"2615",33.4,80.7,27.6,37,22.6,6.6,72.6
"2622",11.5,76.4,17.5,14.6,13.4,2.7,79.1
"2627",32.6,84.4,26.4,27.3,24.3,7.4,74
"2631",16.9,77,23.6,17.1,17.9,4.6,77.8
"2639",12.2,66.6,13.6,17.1,15.4,5.2,80.1
"2640",30.2,74.5,24.8,32.4,21.9,7.9,74.5
"2642",32,80.1,30.9,32.2,27.3,10.6,75.9
"2646",21.9,71.8,23.5,24,20.6,7.3,77.4
"2647",40.2,80.4,31.9,34.9,32.5,8.3,75.2
"2650",23.5,74.2,27.5,24.4,21.2,5,77.4
"2651",23.2,81.2,28.4,29.8,26.6,6.5,76.1
"2652",20.3,70.3,19.2,30.9,13.2,9.4,78
"2654",26.5,72.1,20.9,24.2,21.5,4.1,79.1
"2655",29.9,76.9,29.8,36.3,28.6,7.7,74.1
"2660",22.7,73.7,21.3,21.8,21.8,6.3,76.6
"2661",21.9,78.7,23.3,23.3,19.2,4.8,78.1
"2666",30.9,79.2,25.9,34.5,26.3,8.9,74.7
"2668",30.2,77.8,24.1,27.7,24.1,8.9,75.8
"2670",32.8,79.5,31.4,34.2,28.3,14.6,73.4
"2673",22,75.2,27.6,26.6,24.3,9.8,77.5
"2674",23.6,76.1,22.3,28.9,21,6.7,74.8
"2675",33.3,76.2,26,28.5,21.3,12.7,74.9
"2682",23.7,77.9,24.2,24.1,23.5,7.5,76.4
"2688",28,75.8,26.4,32.1,20.5,7.1,75.6
"2690",42.4,79.1,25.1,19.3,26.1,8.2,74
"2696",30,80.3,27,28.4,25.8,9.1,73.6
"2697",18.3,64.9,16.5,24.2,17.1,4.4,78.1
"2699",19.3,72,24.8,25.5,18.1,5.5,77.5
"2702",21.9,77.6,18.6,24.6,21.4,5.5,76.7
"2704",30.2,80.5,24.1,25.4,24.2,8.7,75.1
"2705",30.4,79.4,24.2,29.6,20.8,8.3,76.1
"2708",31.6,81,25.5,21,27.9,8.9,74.7
"2709",18.6,67.6,15.9,18.4,18.6,7.6,78.1
"2714",34.8,83.5,33.4,32.2,32.5,11.6,75.8
"2716",21,78.5,22.7,22.1,22.1,5.5,75.9
"2720",36.8,75,29.3,31.1,26.6,13.8,72.7
"2722",14.6,71.5,15.1,19.4,14.7,3.6,80.9
"2727",22.2,67.8,22.2,32.6,21.4,7.5,77.5
"2732",24.5,75.6,23.8,24.6,21.5,6.9,75.6
"2737",20.9,83.5,29.2,25,31.2,7.5,76.7
"2738",19.7,73.4,24,28.3,27.6,9.2,75
"2742",19.4,70.9,21.2,20.7,23.5,8.6,77.7
"2743",21.5,75.4,26,24.7,28.5,8.5,74.7
"2744",23,75.1,24.9,26.5,21,6.6,73.3
"2747",31.8,80.2,37.4,31.6,26,9.7,69.6
"2750",31,78,30.7,27.1,22.4,12,72.8
"2753",26,69.6,24.8,26.6,26,8.2,71.1
"2754",30.1,77.8,21,28.1,29.4,8.7,73.6
"2761",25.8,80.4,26.1,27,17.7,6.9,74.2
"2762",19.8,75.3,19.5,20.6,21.5,5.1,77.8
"2766",31.8,77.7,32,42.4,21.5,11.7,74.2
"2768",18,72.8,21.7,23.1,25.1,5.8,77.4
"2769",22.2,72.1,22.7,24,17,5.7,76.9
"2770",29.7,83.9,22.6,27.3,29.1,8.9,74.6
"2772",22.5,77.8,28.1,22.4,17.4,6.3,76
"2777",30,75,20.8,27.3,16.2,6.3,75.5
"2780",29.4,72.7,25.1,34.5,21.9,8.6,76.4
"2783",29.9,87.2,26.5,32.7,32.2,4.9,75.2
"2784",16.4,76.2,24.8,24.1,20.2,5.9,78
"2786",19.5,73.4,29.4,28,23.4,8,76.4
"2787",19.3,79.6,20.1,24.5,21.2,5.1,79.6
"2790",29.9,77.7,29.1,27.3,25.1,6.2,75.3
"2791",22.8,81.7,21.8,17.9,15,4.8,77.3
"2793",23.2,79.7,26,30.2,19.4,7.2,77.7
"2794",22.6,80.9,29.1,33.8,26.6,11.3,74.9
"2795",13.5,69.4,22.9,21.6,21,5.2,80.3
"2796",12.2,70.7,16.8,29.8,17.8,6.1,79.5
"2797",14.1,73.8,16.8,21.2,16,5.2,79.2
"2798",14.7,72.9,24.6,25.2,21.1,7.5,77.9
"2799",12.6,72.7,19.6,19.3,16.6,5.8,78.8
"2801",25.6,78.2,24.4,34.2,24.6,13,77.7
"2802",27.5,82.6,21.1,27.5,27.5,5.8,74.6
"2803",21.6,77.5,27.2,24.2,23,5.6,76.3
"2805",22.6,75,26,33.9,25.6,10.1,76.4
"2806",24,69.1,19.8,22.4,22,7.7,76.4
"2807",22.7,74.3,34.9,39.2,27.4,8,76.5
"2808",23.7,86.5,21.3,32.2,23.1,8.8,77.1
"2809",17.7,77.1,23.9,24.7,22.5,7.2,77
"2811",15.2,75.3,23.3,28.2,19,6.6,78.2
"2812",19.8,81.3,19.7,20.2,19.1,4.1,77.3
"2813",18.8,78.9,22.9,23.8,19.4,6.7,78.8
"2814",29.1,83,30,33.6,25,11.5,71.1
"2815",17.1,78.8,22.2,23,21.7,5.5,78.4
"2816",18.4,76.3,21.4,24.3,22.3,6.5,77.7
"2817",25.1,74.8,26.6,33.3,27.6,6.9,77.1
"2818",14.6,73.8,23.7,25.9,21.1,6.3,78.3
"2820",15.8,79.7,18.9,26.9,14.8,6.7,78.8
"2821",15.3,74,18,26.3,17.9,4.6,79.1
"2822",13,75.5,15.8,15.6,14.7,4.3,80.1
"2823",23.8,79.1,26.2,27,20.1,7.9,77.2
"2824",21.4,77.7,21.1,27.6,18.7,6.2,78.9
"2826",21,73,22.4,27.8,20.4,6.3,78.1
"2828",35,88.8,30.2,28.9,29.7,7.7,72.6
"2832",25.9,77.7,25,32.6,26.3,9.8,76
"2833",38.2,85.1,26.9,40.2,35.3,10.5,72.9
"2834",22.5,80.9,25.9,30.4,23.8,9.8,74.5
"2838",32.2,79,30.4,31.9,28.1,10.5,73.7
"2843",33.1,78.6,28.6,34.5,27,11.4,75.4
"2844",21.1,71.4,27.1,31.2,21.6,9.5,76.1
"2845",28.6,84.8,26.4,20.8,28.9,7.8,76.3
"2847",27,80.6,26.6,32.4,27,9.5,74.9
"2848",28.9,79.2,27.8,30.4,29.8,8.4,76.1
"2849",22.5,76.1,27,28.8,29.5,10.4,75.5
"2850",26.9,77.4,27.5,33.2,25.7,10.3,74.8
"2851",30.8,81.9,28.5,25.1,30.4,8,75.1
"2854",30.5,85.2,32.4,28.6,38.9,11,72.6
"2855",34.3,82.9,38.7,41.7,31.9,12.5,71.2
"2856",39,80.6,31,44.9,31.5,15.5,70.4
"2857",28.4,76.9,25.7,31,23.9,6.5,76.3
"2858",24.3,81.6,22.7,28.7,30.3,9.5,76.3
"2859",29,77.9,31.1,29.7,30.4,12.1,74.4
"2860",29.3,78.8,23.1,35.7,26.1,12.6,74.2
"2861",24.3,82.3,27,32.5,26.9,6.1,75.2
"2862",42.7,85.9,35.4,41,35.3,12.8,71.5
"2863",37.3,84.2,32.2,41.9,31.8,13.4,73.3
"2864",24.4,78.6,23.6,22.9,19.8,4.8,77.3
"2865",18.3,76.9,24.2,23.1,19.4,7.9,77.2
"2868",33.9,79.6,26.7,37.3,25.8,9.9,74.4
"2869",22.1,84.4,23.4,28.7,27.4,10.4,75.5
"2873",25.9,79.3,29.6,27.9,26.2,7.7,75.5
"2874",25.9,83.5,23.7,32.8,23.2,9.5,76.2
"2876",28.7,85.3,27.4,17.5,31.7,4.7,75.7
"2877",30.4,80.7,26.1,36.8,26.3,11.4,74.8
"2878",32.5,73.5,26.5,36.4,28.4,8.2,75.4
"2885",28,82.7,26.2,25.8,29.7,10.7,75.8
"2886",32.6,83.4,31.1,38.6,27.7,9.1,75.4
"2887",32.8,82.3,28.7,26.7,29.6,11.2,75.7
"2889",20.4,78.2,22.1,26.7,25.9,7.1,77.2
"2891",23.3,79.5,24.4,19.5,26.4,7.5,77.1
"2893",13.6,81.1,25.7,17.6,20.7,4.5,78.4
"2894",28.4,75.7,28.4,22.9,22.6,7.3,78.4
"2896",23.9,80.9,24.8,31.4,20.5,7.1,77.6
"2897",18,79.6,21.7,23.8,25.4,5,78.5
"2901",24.6,87.1,21.9,14.3,20.4,2.9,78
"2903",17.7,78.3,23.3,26.9,21.4,5.2,78.1
"2905",17.8,78.1,19.2,21.5,17.9,3.3,79.6
"2906",16.6,73.4,17.6,22.9,16.8,5.2,79.7
"2907",24.3,83.2,26.3,28.9,25.5,5.6,76.3
"2909",19.4,83.4,23.3,24.2,19.7,8.7,79.1
"2911",22.6,75.7,25.6,27.5,19.7,7.5,79.7
"2912",14.5,75.4,22.7,21.6,17,8.6,80.1
"2913",19.2,75.9,20.6,27,23,5.6,78.1
"2914",28.2,75.9,24.4,16.5,22.7,2.2,79.6
"2916",25,76,22.3,33.3,28.3,8,74.8
"2917",23.3,82.2,23.6,23.4,23.8,5,77.5
"2919",13.3,75.1,18.6,21,18.2,4.2,79.4
"2920",20.3,77.2,27.7,22.4,20.3,6,77.6
"2922",19.4,85.7,25.8,24.1,28.1,8.2,76.7
"2924",13.1,73.7,21.8,22.3,21.6,4.6,80
"2926",19.2,80.1,25.4,31.3,20.1,7.5,78.6
"2930",26,83.4,30.3,31.8,26.6,9.1,78.1
"2931",20,81.7,23.2,18.6,20.6,6.2,78.7
"2936",20.3,82,25.5,23.4,24.7,4.9,78.5
"2938",19.4,79.2,26.8,25.6,29.9,4.7,77.2
"2939",28.2,79,23.6,23.5,25.9,5.7,78.2
"2940",31.7,82.5,29.5,34.8,31.7,9.9,73.5
"2942",15.9,78.2,21.5,19.8,27,4.9,78.1
"2946",23.1,78.2,27.2,31.6,25.1,6.9,78.2
"2947",18.7,75.6,24.4,22.6,17.9,5.6,79.8
"2948",21.9,81,29.2,26.1,30.8,10.4,77
"2951",23.1,77.5,21.8,24.2,25.7,6.4,75.7
"2954",21.3,72.2,27,25.6,35.5,7.4,76.7
"2957",14.6,80.6,23.5,21.6,19.2,5.4,78.8
"2958",14.3,69.9,17.1,27.1,16.5,3.5,79.9
"2960",18.2,85.3,20.3,14.7,18.8,10,79.1
"2962",15.1,83.8,21.3,13.5,19,4.1,79.6
"2964",18.7,78.1,20.7,23.9,24.1,6.2,78.6
"2965",32.2,79.4,28.1,35.5,22.1,9.3,75.8
"2966",24.9,71.9,22.7,33.8,25.4,10.2,77
"2967",25.1,82.6,21.9,22.5,24.3,5.4,77.4
"2968",21.3,76.6,21.4,23,21.6,6.9,73.9
"2969",25.1,77.5,24,29.7,21,7.4,77.2
"2970",24.4,74.4,28.8,30.9,19.9,7.3,77.8
"2971",20.5,76.3,18.5,19.8,15.8,6,77.7
"2972",15,71.7,16.4,17.6,15.5,4.1,77.4
"2974",20.8,78.7,20.2,21.4,24.9,6.1,77.2
"2975",18.9,72.7,21.2,23.7,16.1,4.4,78.2
"2976",22.5,80.7,20.5,23.1,27.8,6.4,76.6
"2977",25.1,75.4,21.6,26.6,22.3,4.8,77.4
"2978",20.3,78.8,18.2,22.8,17.8,5.3,77.8
"2979",22.8,82.2,22.3,30.1,20.8,6.3,77.2
"2980",20.2,77.5,19.4,26.2,22.6,6.9,77
"2981",22.6,81.9,20.7,24.3,15.2,5,76.1
"2982",21.9,80.7,23.6,22.7,27.4,5.3,76.1
"2983",9.6,68.8,9,18.9,13.7,2.4,78.2
"2984",23.7,80.6,21,31.1,21.1,6.5,77.7
"2985",30.8,78.8,26.9,31.6,26,7.2,75.2
"2986",23.4,83.1,22.7,22.5,21.6,4.8,78.2
"2987",23.2,78.1,21.1,27.8,19.7,9.4,77.7
"2988",31.3,75.4,24.2,26.7,24.4,5.7,77.4
"2989",24.2,82,23.9,19.1,26.5,4.2,76.4
"2991",24.6,80.6,25.2,31.6,25.6,6.2,77.4
"2993",21.4,80.4,21.7,25,25.5,6.3,77.4
"2994",29.1,81.8,27.4,34,23.3,9.8,73.2
"3000",22.3,77.4,21.5,25.4,21.4,5.8,78
"3003",27.8,81.5,23.2,21.1,29.5,6.3,75
"3005",30.3,76.4,23.1,26.1,28.4,8.3,76.5
"3006",34,80.5,31,27.5,28.1,9.7,75.2
"3007",42.5,81.6,29.3,33,28.5,7,71.6
"3011",31.4,77.9,23.7,30.4,25.1,6.7,76.9
"3015",34.9,73.3,24.9,22.4,18.6,9.7,76.1
"3017",21.5,72.9,19.5,27.7,16.1,7,79.3
"3021",21,72.8,21.6,23.7,14.2,5.4,78.8
"3023",14.2,67.8,24,20.4,14.9,4.8,78.7
"3024",25.8,74.3,27.7,25.1,14.6,7.4,77.1
"3025",20.7,69.3,18.4,21.4,15.6,5.3,78.1
"3030",30.4,76.3,26.5,27.5,21.4,9,75.7
"3034",27.3,71.6,21.3,24.2,16.7,6.7,78.1
"3037",8.3,66,9.9,23,12,2.8,80.8
"3043",30.4,72.2,24.4,20.7,17,4.7,79.4
"3046",18.5,74.3,17.7,20,14.4,4.2,79.7
"3048",11.3,68.6,17.3,21.1,15,5.7,79.5
"3050",28,72.2,23.4,24.9,16.3,6.8,77.3
"3051",18.4,73.3,20.8,25.3,17.2,6.4,77.2
"3053",28.6,77.2,25.7,26.4,17.8,7.8,76
"3054",22.5,73.2,20.3,24.7,14.6,5.6,78.6
"3055",21.8,69.3,10.5,20.8,17.8,3.7,77.9
"3056",27.6,67.5,25,28.8,16.9,6.4,76.4
"3057",14.2,75.9,19.1,24.9,12.6,5.5,79.4
"3058",25.8,78.8,23.7,26.7,17,4.3,76.5
"3059",18.8,71,14.4,21.6,16.8,4.2,80.3
"3060",20.4,71.5,17.4,28.5,12.9,5.7,79.8
"3061",18.4,71.4,17.4,22.6,10.9,5.9,80.2
"3062",16.8,64.9,17.9,17.7,11.3,6.9,79.3
"3063",12.5,73.1,23.2,27.6,22.9,5.6,76.1
"3066",18.6,72,20.9,21.9,17.2,6.4,77.7
"3067",18.2,72.5,20.7,17.1,16.6,6.3,78.5
"3068",28.2,74.6,25.4,24.6,18.7,10,76.2
"3070",22.7,78.8,22.6,28.8,24.2,9,76.8
"3082",24.5,78.4,22,20.3,17.7,4.8,78.5
"3084",10.3,69.3,10.9,16.8,14.3,3.8,78.5
"3089",25,78.1,22.2,22,24.1,6.6,78.5
"3094",24.5,75.8,17.8,26.9,21.8,7.4,77.6
"3095",22.8,76.1,16.2,20.8,21.1,5.2,75.9
"3097",11.4,77.7,11.4,15.6,8.9,4,80.3
"3098",15,71.9,13.8,15.5,14.2,0.5,81.3
"3100",19.3,83.9,18.2,19,17.5,5.5,76.5
"3101",17.1,78.1,18,18.9,20.2,4,78.2
"3102",20.9,79.3,15.1,23.5,25.6,4.8,76.4
"3103",8.7,70.2,11.6,20.4,20.1,5.5,78.1
"3110",13.9,74.9,14.2,20.8,20,4.1,78.5
"3111",17.6,77.1,17.2,19.9,19.9,5.1,79
"3115",12.1,67.8,8.7,16.5,20.9,1.4,79.7
"3116",13.6,75.8,12.8,18.4,20.7,3.5,79.7
"3119",25.7,81,25.3,22.6,31.6,6.2,77.9
"3120",17.9,76.8,18.3,24.1,20.4,3.9,77.5
"3125",28.6,76.8,18,21.3,21.4,4.2,78.3
"3126",34.4,77.4,25.6,21.9,24.4,4.2,77.1
"3134",20.3,72,19.3,25.3,21.3,6.6,78.8
"3135",17.8,73.3,18.7,20.2,18.7,4.2,78.7
"3136",24.9,71.2,23.5,29.8,24.2,7.4,76.8
"3137",20.6,70.3,16.3,24,16.4,5.1,79.2
"3138",21.1,70.6,19.2,25.2,18.3,6.3,77.8
"3139",19.4,69.2,17.7,23.7,18.2,5.8,78.8
"3140",18,73.5,18.8,25.2,18.3,5.2,79.2
"3141",25.4,70.5,21,25.4,20.1,7.3,78
